trip_id,VIN,point_index,point_role,timestamp,elapsed_seconds,latitude,longitude,altitude_m,segment_distance_m,cumulative_distance_m,segment_speed_kmh,timestamp_method
VIN000_20260213T070000Z_0001,VIN000,0,start,2026-02-13T07:00:00+00:00,0.0,48.8,2.2,70.0,0.0,0.0,0.0,interpolated_between_trip_triggers
VIN000_20260213T070000Z_0001,VIN000,1,trajectory,2026-02-13T07:02:00+00:00,120.0,48.8025,2.202,70.5,314.22,314.22,9.427,interpolated_between_trip_triggers
VIN000_20260213T070000Z_0001,VIN000,2,trajectory,2026-02-13T07:04:00+00:00,240.0,48.805,2.204,71.0,314.217,628.437,9.427,interpolated_between_trip_triggers
VIN000_20260213T070000Z_0001,VIN000,3,trajectory,2026-02-13T07:06:00+00:00,360.0,48.8075,2.206,71.5,314.213,942.65,9.426,interpolated_between_trip_triggers
VIN000_20260213T070000Z_0001,VIN000,4,destination,2026-02-13T07:08:00+00:00,480.0,48.81,2.208,72.0,314.21,1256.86,9.426,interpolated_between_trip_triggers
VIN000_20260213T100000Z_0002,VIN000,0,start,2026-02-13T10:00:00+00:00,0.0,48.803,2.204,70.0,0.0,0.0,0.0,interpolated_between_trip_triggers
VIN000_20260213T100000Z_0002,VIN000,1,trajectory,2026-02-13T10:01:48+00:00,108.0,48.8058,2.2062,70.4,350.566,350.566,11.686,interpolated_between_trip_triggers
VIN000_20260213T100000Z_0002,VIN000,2,trajectory,2026-02-13T10:03:36+00:00,216.0,48.8086,2.2084,70.8,350.562,701.127,11.685,interpolated_between_trip_triggers
VIN000_20260213T100000Z_0002,VIN000,3,trajectory,2026-02-13T10:05:24+00:00,324.0,48.8114,2.2106,71.2,350.557,1051.685,11.685,interpolated_between_trip_triggers
VIN000_20260213T100000Z_0002,VIN000,4,trajectory,2026-02-13T10:07:12+00:00,432.0,48.8142,2.2128,71.6,350.553,1402.238,11.685,interpolated_between_trip_triggers
VIN000_20260213T100000Z_0002,VIN000,5,destination,2026-02-13T10:09:00+00:00,540.0,48.817,2.215,72.0,350.549,1752.787,11.685,interpolated_between_trip_triggers
VIN000_20260213T130000Z_0003,VIN000,0,start,2026-02-13T13:00:00+00:00,0.0,48.806,2.208,70.0,0.0,0.0,0.0,interpolated_between_trip_triggers
VIN000_20260213T130000Z_0003,VIN000,1,trajectory,2026-02-13T13:01:40+00:00,100.0,48.809,2.2103333,70.3,374.802,374.802,13.493,interpolated_between_trip_triggers
VIN000_20260213T130000Z_0003,VIN000,2,trajectory,2026-02-13T13:03:20+00:00,200.0,48.812,2.2126667,70.7,374.801,749.603,13.493,interpolated_between_trip_triggers
VIN000_20260213T130000Z_0003,VIN000,3,trajectory,2026-02-13T13:05:00+00:00,300.0,48.815,2.215,71.0,374.793,1124.395,13.493,interpolated_between_trip_triggers
VIN000_20260213T130000Z_0003,VIN000,4,trajectory,2026-02-13T13:06:40+00:00,400.0,48.818,2.2173333,71.3,374.788,1499.183,13.492,interpolated_between_trip_triggers
VIN000_20260213T130000Z_0003,VIN000,5,trajectory,2026-02-13T13:08:20+00:00,500.0,48.821,2.2196667,71.7,374.787,1873.97,13.492,interpolated_between_trip_triggers
VIN000_20260213T130000Z_0003,VIN000,6,destination,2026-02-13T13:10:00+00:00,600.0,48.824,2.222,72.0,374.779,2248.748,13.492,interpolated_between_trip_triggers
VIN000_20260213T160000Z_0004,VIN000,0,start,2026-02-13T16:00:00+00:00,0.0,48.809,2.212,70.0,0.0,0.0,0.0,interpolated_between_trip_triggers
VIN000_20260213T160000Z_0004,VIN000,1,trajectory,2026-02-13T16:02:45+00:00,165.0,48.8115,2.21625,70.5,417.294,417.294,9.105,interpolated_between_trip_triggers
VIN000_20260213T160000Z_0004,VIN000,2,trajectory,2026-02-13T16:05:30+00:00,330.0,48.814,2.2205,71.0,417.283,834.577,9.104,interpolated_between_trip_triggers
VIN000_20260213T160000Z_0004,VIN000,3,trajectory,2026-02-13T16:08:15+00:00,495.0,48.8165,2.22475,71.5,417.271,1251.848,9.104,interpolated_between_trip_triggers
VIN000_20260213T160000Z_0004,VIN000,4,destination,2026-02-13T16:11:00+00:00,660.0,48.819,2.229,72.0,417.26,1669.108,9.104,interpolated_between_trip_triggers
VIN000_20260213T190000Z_0005,VIN000,0,start,2026-02-13T19:00:00+00:00,0.0,48.812,2.216,70.0,0.0,0.0,0.0,interpolated_between_trip_triggers
VIN000_20260213T190000Z_0005,VIN000,1,trajectory,2026-02-13T19:02:24+00:00,144.0,48.8148,2.2176,70.4,332.66,332.66,8.316,interpolated_between_trip_triggers
VIN000_20260213T190000Z_0005,VIN000,2,trajectory,2026-02-13T19:04:48+00:00,288.0,48.8176,2.2192,70.8,332.657,665.317,8.316,interpolated_between_trip_triggers
VIN000_20260213T190000Z_0005,VIN000,3,trajectory,2026-02-13T19:07:12+00:00,432.0,48.8204,2.2208,71.2,332.655,997.972,8.316,interpolated_between_trip_triggers
VIN000_20260213T190000Z_0005,VIN000,4,trajectory,2026-02-13T19:09:36+00:00,576.0,48.8232,2.2224,71.6,332.653,1330.624,8.316,interpolated_between_trip_triggers
VIN000_20260213T190000Z_0005,VIN000,5,destination,2026-02-13T19:12:00+00:00,720.0,48.826,2.224,72.0,332.65,1663.275,8.316,interpolated_between_trip_triggers
VIN001_20260213T070000Z_0001,VIN001,0,start,2026-02-13T07:00:00+00:00,0.0,48.83,2.22,70.0,0.0,0.0,0.0,interpolated_between_trip_triggers
VIN001_20260213T070000Z_0001,VIN001,1,trajectory,2026-02-13T07:02:00+00:00,120.0,48.8325,2.222,70.5,314.179,314.179,9.425,interpolated_between_trip_triggers
VIN001_20260213T070000Z_0001,VIN001,2,trajectory,2026-02-13T07:04:00+00:00,240.0,48.835,2.224,71.0,314.176,628.355,9.425,interpolated_between_trip_triggers
VIN001_20260213T070000Z_0001,VIN001,3,trajectory,2026-02-13T07:06:00+00:00,360.0,48.8375,2.226,71.5,314.172,942.527,9.425,interpolated_between_trip_triggers
VIN001_20260213T070000Z_0001,VIN001,4,destination,2026-02-13T07:08:00+00:00,480.0,48.84,2.228,72.0,314.169,1256.697,9.425,interpolated_between_trip_triggers
VIN001_20260213T100000Z_0002,VIN001,0,start,2026-02-13T10:00:00+00:00,0.0,48.833,2.224,70.0,0.0,0.0,0.0,interpolated_between_trip_triggers
VIN001_20260213T100000Z_0002,VIN001,1,trajectory,2026-02-13T10:01:48+00:00,108.0,48.8358,2.2262,70.4,350.521,350.521,11.684,interpolated_between_trip_triggers
VIN001_20260213T100000Z_0002,VIN001,2,trajectory,2026-02-13T10:03:36+00:00,216.0,48.8386,2.2284,70.8,350.517,701.039,11.684,interpolated_between_trip_triggers
VIN001_20260213T100000Z_0002,VIN001,3,trajectory,2026-02-13T10:05:24+00:00,324.0,48.8414,2.2306,71.2,350.513,1051.552,11.684,interpolated_between_trip_triggers
VIN001_20260213T100000Z_0002,VIN001,4,trajectory,2026-02-13T10:07:12+00:00,432.0,48.8442,2.2328,71.6,350.509,1402.061,11.684,interpolated_between_trip_triggers
VIN001_20260213T100000Z_0002,VIN001,5,destination,2026-02-13T10:09:00+00:00,540.0,48.847,2.235,72.0,350.505,1752.566,11.683,interpolated_between_trip_triggers
VIN001_20260213T130000Z_0003,VIN001,0,start,2026-02-13T13:00:00+00:00,0.0,48.836,2.228,70.0,0.0,0.0,0.0,interpolated_between_trip_triggers
VIN001_20260213T130000Z_0003,VIN001,1,trajectory,2026-02-13T13:01:40+00:00,100.0,48.839,2.2303333,70.3,374.755,374.755,13.491,interpolated_between_trip_triggers
VIN001_20260213T130000Z_0003,VIN001,2,trajectory,2026-02-13T13:03:20+00:00,200.0,48.842,2.2326667,70.7,374.754,749.509,13.491,interpolated_between_trip_triggers
VIN001_20260213T130000Z_0003,VIN001,3,trajectory,2026-02-13T13:05:00+00:00,300.0,48.845,2.235,71.0,374.746,1124.255,13.491,interpolated_between_trip_triggers
VIN001_20260213T130000Z_0003,VIN001,4,trajectory,2026-02-13T13:06:40+00:00,400.0,48.848,2.2373333,71.3,374.741,1498.997,13.491,interpolated_between_trip_triggers
VIN001_20260213T130000Z_0003,VIN001,5,trajectory,2026-02-13T13:08:20+00:00,500.0,48.851,2.2396667,71.7,374.74,1873.737,13.491,interpolated_between_trip_triggers
VIN001_20260213T130000Z_0003,VIN001,6,destination,2026-02-13T13:10:00+00:00,600.0,48.854,2.242,72.0,374.732,2248.469,13.49,interpolated_between_trip_triggers
VIN001_20260213T160000Z_0004,VIN001,0,start,2026-02-13T16:00:00+00:00,0.0,48.839,2.232,70.0,0.0,0.0,0.0,interpolated_between_trip_triggers
VIN001_20260213T160000Z_0004,VIN001,1,trajectory,2026-02-13T16:02:45+00:00,165.0,48.8415,2.23625,70.5,417.155,417.155,9.102,interpolated_between_trip_triggers
VIN001_20260213T160000Z_0004,VIN001,2,trajectory,2026-02-13T16:05:30+00:00,330.0,48.844,2.2405,71.0,417.144,834.299,9.101,interpolated_between_trip_triggers
VIN001_20260213T160000Z_0004,VIN001,3,trajectory,2026-02-13T16:08:15+00:00,495.0,48.8465,2.24475,71.5,417.132,1251.432,9.101,interpolated_between_trip_triggers
VIN001_20260213T160000Z_0004,VIN001,4,destination,2026-02-13T16:11:00+00:00,660.0,48.849,2.249,72.0,417.121,1668.552,9.101,interpolated_between_trip_triggers
VIN001_20260213T190000Z_0005,VIN001,0,start,2026-02-13T19:00:00+00:00,0.0,48.842,2.236,70.0,0.0,0.0,0.0,interpolated_between_trip_triggers
VIN001_20260213T190000Z_0005,VIN001,1,trajectory,2026-02-13T19:02:24+00:00,144.0,48.8448,2.2376,70.4,332.635,332.635,8.316,interpolated_between_trip_triggers
VIN001_20260213T190000Z_0005,VIN001,2,trajectory,2026-02-13T19:04:48+00:00,288.0,48.8476,2.2392,70.8,332.633,665.267,8.316,interpolated_between_trip_triggers
VIN001_20260213T190000Z_0005,VIN001,3,trajectory,2026-02-13T19:07:12+00:00,432.0,48.8504,2.2408,71.2,332.63,997.898,8.316,interpolated_between_trip_triggers
VIN001_20260213T190000Z_0005,VIN001,4,trajectory,2026-02-13T19:09:36+00:00,576.0,48.8532,2.2424,71.6,332.628,1330.526,8.316,interpolated_between_trip_triggers
VIN001_20260213T190000Z_0005,VIN001,5,destination,2026-02-13T19:12:00+00:00,720.0,48.856,2.244,72.0,332.626,1663.151,8.316,interpolated_between_trip_triggers
VIN002_20260213T070000Z_0001,VIN002,0,start,2026-02-13T07:00:00+00:00,0.0,48.86,2.24,70.0,0.0,0.0,0.0,interpolated_between_trip_triggers
VIN002_20260213T070000Z_0001,VIN002,1,trajectory,2026-02-13T07:02:00+00:00,120.0,48.8625,2.242,70.5,314.138,314.138,9.424,interpolated_between_trip_triggers
VIN002_20260213T070000Z_0001,VIN002,2,trajectory,2026-02-13T07:04:00+00:00,240.0,48.865,2.244,71.0,314.135,628.273,9.424,interpolated_between_trip_triggers
VIN002_20260213T070000Z_0001,VIN002,3,trajectory,2026-02-13T07:06:00+00:00,360.0,48.8675,2.246,71.5,314.132,942.405,9.424,interpolated_between_trip_triggers
VIN002_20260213T070000Z_0001,VIN002,4,destination,2026-02-13T07:08:00+00:00,480.0,48.87,2.248,72.0,314.128,1256.533,9.424,interpolated_between_trip_triggers
VIN002_20260213T100000Z_0002,VIN002,0,start,2026-02-13T10:00:00+00:00,0.0,48.863,2.244,70.0,0.0,0.0,0.0,interpolated_between_trip_triggers
VIN002_20260213T100000Z_0002,VIN002,1,trajectory,2026-02-13T10:01:48+00:00,108.0,48.8658,2.2462,70.4,350.477,350.477,11.683,interpolated_between_trip_triggers
VIN002_20260213T100000Z_0002,VIN002,2,trajectory,2026-02-13T10:03:36+00:00,216.0,48.8686,2.2484,70.8,350.473,700.95,11.682,interpolated_between_trip_triggers
VIN002_20260213T100000Z_0002,VIN002,3,trajectory,2026-02-13T10:05:24+00:00,324.0,48.8714,2.2506,71.2,350.469,1051.419,11.682,interpolated_between_trip_triggers
VIN002_20260213T100000Z_0002,VIN002,4,trajectory,2026-02-13T10:07:12+00:00,432.0,48.8742,2.2528,71.6,350.465,1401.884,11.682,interpolated_between_trip_triggers
VIN002_20260213T100000Z_0002,VIN002,5,destination,2026-02-13T10:09:00+00:00,540.0,48.877,2.255,72.0,350.461,1752.344,11.682,interpolated_between_trip_triggers
VIN002_20260213T130000Z_0003,VIN002,0,start,2026-02-13T13:00:00+00:00,0.0,48.866,2.248,70.0,0.0,0.0,0.0,interpolated_between_trip_triggers
VIN002_20260213T130000Z_0003,VIN002,1,trajectory,2026-02-13T13:01:40+00:00,100.0,48.869,2.2503333,70.3,374.709,374.709,13.49,interpolated_between_trip_triggers
VIN002_20260213T130000Z_0003,VIN002,2,trajectory,2026-02-13T13:03:20+00:00,200.0,48.872,2.2526667,70.7,374.707,749.416,13.489,interpolated_between_trip_triggers
VIN002_20260213T130000Z_0003,VIN002,3,trajectory,2026-02-13T13:05:00+00:00,300.0,48.875,2.255,71.0,374.699,1124.116,13.489,interpolated_between_trip_triggers
VIN002_20260213T130000Z_0003,VIN002,4,trajectory,2026-02-13T13:06:40+00:00,400.0,48.878,2.2573333,71.3,374.695,1498.81,13.489,interpolated_between_trip_triggers
VIN002_20260213T130000Z_0003,VIN002,5,trajectory,2026-02-13T13:08:20+00:00,500.0,48.881,2.2596667,71.7,374.693,1873.504,13.489,interpolated_between_trip_triggers
VIN002_20260213T130000Z_0003,VIN002,6,destination,2026-02-13T13:10:00+00:00,600.0,48.884,2.262,72.0,374.685,2248.189,13.489,interpolated_between_trip_triggers
VIN002_20260213T160000Z_0004,VIN002,0,start,2026-02-13T16:00:00+00:00,0.0,48.869,2.252,70.0,0.0,0.0,0.0,interpolated_between_trip_triggers
VIN002_20260213T160000Z_0004,VIN002,1,trajectory,2026-02-13T16:02:45+00:00,165.0,48.8715,2.25625,70.5,417.017,417.017,9.099,interpolated_between_trip_triggers
VIN002_20260213T160000Z_0004,VIN002,2,trajectory,2026-02-13T16:05:30+00:00,330.0,48.874,2.2605,71.0,417.005,834.022,9.098,interpolated_between_trip_triggers
VIN002_20260213T160000Z_0004,VIN002,3,trajectory,2026-02-13T16:08:15+00:00,495.0,48.8765,2.26475,71.5,416.993,1251.015,9.098,interpolated_between_trip_triggers
VIN002_20260213T160000Z_0004,VIN002,4,destination,2026-02-13T16:11:00+00:00,660.0,48.879,2.269,72.0,416.982,1667.997,9.098,interpolated_between_trip_triggers
VIN002_20260213T190000Z_0005,VIN002,0,start,2026-02-13T19:00:00+00:00,0.0,48.872,2.256,70.0,0.0,0.0,0.0,interpolated_between_trip_triggers
VIN002_20260213T190000Z_0005,VIN002,1,trajectory,2026-02-13T19:02:24+00:00,144.0,48.8748,2.2576,70.4,332.61,332.61,8.315,interpolated_between_trip_triggers
VIN002_20260213T190000Z_0005,VIN002,2,trajectory,2026-02-13T19:04:48+00:00,288.0,48.8776,2.2592,70.8,332.608,665.218,8.315,interpolated_between_trip_triggers
VIN002_20260213T190000Z_0005,VIN002,3,trajectory,2026-02-13T19:07:12+00:00,432.0,48.8804,2.2608,71.2,332.606,997.824,8.315,interpolated_between_trip_triggers
VIN002_20260213T190000Z_0005,VIN002,4,trajectory,2026-02-13T19:09:36+00:00,576.0,48.8832,2.2624,71.6,332.603,1330.427,8.315,interpolated_between_trip_triggers
VIN002_20260213T190000Z_0005,VIN002,5,destination,2026-02-13T19:12:00+00:00,720.0,48.886,2.264,72.0,332.601,1663.028,8.315,interpolated_between_trip_triggers
VIN003_20260213T070000Z_0001,VIN003,0,start,2026-02-13T07:00:00+00:00,0.0,48.89,2.26,70.0,0.0,0.0,0.0,interpolated_between_trip_triggers
VIN003_20260213T070000Z_0001,VIN003,1,trajectory,2026-02-13T07:02:00+00:00,120.0,48.8925,2.262,70.5,314.098,314.098,9.423,interpolated_between_trip_triggers
VIN003_20260213T070000Z_0001,VIN003,2,trajectory,2026-02-13T07:04:00+00:00,240.0,48.895,2.264,71.0,314.094,628.192,9.423,interpolated_between_trip_triggers
VIN003_20260213T070000Z_0001,VIN003,3,trajectory,2026-02-13T07:06:00+00:00,360.0,48.8975,2.266,71.5,314.091,942.282,9.423,interpolated_between_trip_triggers
VIN003_20260213T070000Z_0001,VIN003,4,destination,2026-02-13T07:08:00+00:00,480.0,48.9,2.268,72.0,314.087,1256.37,9.423,interpolated_between_trip_triggers
VIN003_20260213T100000Z_0002,VIN003,0,start,2026-02-13T10:00:00+00:00,0.0,48.893,2.264,70.0,0.0,0.0,0.0,interpolated_between_trip_triggers
VIN003_20260213T100000Z_0002,VIN003,1,trajectory,2026-02-13T10:01:48+00:00,108.0,48.8958,2.2662,70.4,350.433,350.433,11.681,interpolated_between_trip_triggers
VIN003_20260213T100000Z_0002,VIN003,2,trajectory,2026-02-13T10:03:36+00:00,216.0,48.8986,2.2684,70.8,350.429,700.861,11.681,interpolated_between_trip_triggers
VIN003_20260213T100000Z_0002,VIN003,3,trajectory,2026-02-13T10:05:24+00:00,324.0,48.9014,2.2706,71.2,350.425,1051.286,11.681,interpolated_between_trip_triggers
VIN003_20260213T100000Z_0002,VIN003,4,trajectory,2026-02-13T10:07:12+00:00,432.0,48.9042,2.2728,71.6,350.42,1401.706,11.681,interpolated_between_trip_triggers
VIN003_20260213T100000Z_0002,VIN003,5,destination,2026-02-13T10:09:00+00:00,540.0,48.907,2.275,72.0,350.416,1752.123,11.681,interpolated_between_trip_triggers
VIN003_20260213T130000Z_0003,VIN003,0,start,2026-02-13T13:00:00+00:00,0.0,48.896,2.268,70.0,0.0,0.0,0.0,interpolated_between_trip_triggers
VIN003_20260213T130000Z_0003,VIN003,1,trajectory,2026-02-13T13:01:40+00:00,100.0,48.899,2.2703333,70.3,374.662,374.662,13.488,interpolated_between_trip_triggers
VIN003_20260213T130000Z_0003,VIN003,2,trajectory,2026-02-13T13:03:20+00:00,200.0,48.902,2.2726667,70.7,374.661,749.323,13.488,interpolated_between_trip_triggers
VIN003_20260213T130000Z_0003,VIN003,3,trajectory,2026-02-13T13:05:00+00:00,300.0,48.905,2.275,71.0,374.653,1123.976,13.488,interpolated_between_trip_triggers
VIN003_20260213T130000Z_0003,VIN003,4,trajectory,2026-02-13T13:06:40+00:00,400.0,48.908,2.2773333,71.3,374.648,1498.624,13.487,interpolated_between_trip_triggers
VIN003_20260213T130000Z_0003,VIN003,5,trajectory,2026-02-13T13:08:20+00:00,500.0,48.911,2.2796667,71.7,374.647,1873.271,13.487,interpolated_between_trip_triggers
VIN003_20260213T130000Z_0003,VIN003,6,destination,2026-02-13T13:10:00+00:00,600.0,48.914,2.282,72.0,374.639,2247.909,13.487,interpolated_between_trip_triggers
VIN003_20260213T160000Z_0004,VIN003,0,start,2026-02-13T16:00:00+00:00,0.0,48.899,2.272,70.0,0.0,0.0,0.0,interpolated_between_trip_triggers
VIN003_20260213T160000Z_0004,VIN003,1,trajectory,2026-02-13T16:02:45+00:00,165.0,48.9015,2.27625,70.5,416.878,416.878,9.096,interpolated_between_trip_triggers
VIN003_20260213T160000Z_0004,VIN003,2,trajectory,2026-02-13T16:05:30+00:00,330.0,48.904,2.2805,71.0,416.866,833.744,9.095,interpolated_between_trip_triggers
VIN003_20260213T160000Z_0004,VIN003,3,trajectory,2026-02-13T16:08:15+00:00,495.0,48.9065,2.28475,71.5,416.854,1250.598,9.095,interpolated_between_trip_triggers
VIN003_20260213T160000Z_0004,VIN003,4,destination,2026-02-13T16:11:00+00:00,660.0,48.909,2.289,72.0,416.843,1667.441,9.095,interpolated_between_trip_triggers
VIN003_20260213T190000Z_0005,VIN003,0,start,2026-02-13T19:00:00+00:00,0.0,48.902,2.276,70.0,0.0,0.0,0.0,interpolated_between_trip_triggers
VIN003_20260213T190000Z_0005,VIN003,1,trajectory,2026-02-13T19:02:24+00:00,144.0,48.9048,2.2776,70.4,332.585,332.585,8.315,interpolated_between_trip_triggers
VIN003_20260213T190000Z_0005,VIN003,2,trajectory,2026-02-13T19:04:48+00:00,288.0,48.9076,2.2792,70.8,332.583,665.169,8.315,interpolated_between_trip_triggers
VIN003_20260213T190000Z_0005,VIN003,3,trajectory,2026-02-13T19:07:12+00:00,432.0,48.9104,2.2808,71.2,332.581,997.749,8.315,interpolated_between_trip_triggers
VIN003_20260213T190000Z_0005,VIN003,4,trajectory,2026-02-13T19:09:36+00:00,576.0,48.9132,2.2824,71.6,332.579,1330.328,8.314,interpolated_between_trip_triggers
VIN003_20260213T190000Z_0005,VIN003,5,destination,2026-02-13T19:12:00+00:00,720.0,48.916,2.284,72.0,332.576,1662.904,8.314,interpolated_between_trip_triggers
VIN004_20260213T070000Z_0001,VIN004,0,start,2026-02-13T07:00:00+00:00,0.0,48.92,2.28,70.0,0.0,0.0,0.0,interpolated_between_trip_triggers
VIN004_20260213T070000Z_0001,VIN004,1,trajectory,2026-02-13T07:02:00+00:00,120.0,48.9225,2.282,70.5,314.057,314.057,9.422,interpolated_between_trip_triggers
VIN004_20260213T070000Z_0001,VIN004,2,trajectory,2026-02-13T07:04:00+00:00,240.0,48.925,2.284,71.0,314.053,628.11,9.422,interpolated_between_trip_triggers
VIN004_20260213T070000Z_0001,VIN004,3,trajectory,2026-02-13T07:06:00+00:00,360.0,48.9275,2.286,71.5,314.05,942.16,9.421,interpolated_between_trip_triggers
VIN004_20260213T070000Z_0001,VIN004,4,destination,2026-02-13T07:08:00+00:00,480.0,48.93,2.288,72.0,314.046,1256.206,9.421,interpolated_between_trip_triggers
VIN004_20260213T100000Z_0002,VIN004,0,start,2026-02-13T10:00:00+00:00,0.0,48.923,2.284,70.0,0.0,0.0,0.0,interpolated_between_trip_triggers
VIN004_20260213T100000Z_0002,VIN004,1,trajectory,2026-02-13T10:01:48+00:00,108.0,48.9258,2.2862,70.4,350.388,350.388,11.68,interpolated_between_trip_triggers
VIN004_20260213T100000Z_0002,VIN004,2,trajectory,2026-02-13T10:03:36+00:00,216.0,48.9286,2.2884,70.8,350.384,700.773,11.679,interpolated_between_trip_triggers
VIN004_20260213T100000Z_0002,VIN004,3,trajectory,2026-02-13T10:05:24+00:00,324.0,48.9314,2.2906,71.2,350.38,1051.153,11.679,interpolated_between_trip_triggers
VIN004_20260213T100000Z_0002,VIN004,4,trajectory,2026-02-13T10:07:12+00:00,432.0,48.9342,2.2928,71.6,350.376,1401.529,11.679,interpolated_between_trip_triggers
VIN004_20260213T100000Z_0002,VIN004,5,destination,2026-02-13T10:09:00+00:00,540.0,48.937,2.295,72.0,350.372,1751.901,11.679,interpolated_between_trip_triggers
VIN004_20260213T130000Z_0003,VIN004,0,start,2026-02-13T13:00:00+00:00,0.0,48.926,2.288,70.0,0.0,0.0,0.0,interpolated_between_trip_triggers
VIN004_20260213T130000Z_0003,VIN004,1,trajectory,2026-02-13T13:01:40+00:00,100.0,48.929,2.2903333,70.3,374.616,374.616,13.486,interpolated_between_trip_triggers
VIN004_20260213T130000Z_0003,VIN004,2,trajectory,2026-02-13T13:03:20+00:00,200.0,48.932,2.2926667,70.7,374.614,749.23,13.486,interpolated_between_trip_triggers
VIN004_20260213T130000Z_0003,VIN004,3,trajectory,2026-02-13T13:05:00+00:00,300.0,48.935,2.295,71.0,374.606,1123.836,13.486,interpolated_between_trip_triggers
VIN004_20260213T130000Z_0003,VIN004,4,trajectory,2026-02-13T13:06:40+00:00,400.0,48.938,2.2973333,71.3,374.602,1498.437,13.486,interpolated_between_trip_triggers
VIN004_20260213T130000Z_0003,VIN004,5,trajectory,2026-02-13T13:08:20+00:00,500.0,48.941,2.2996667,71.7,374.6,1873.038,13.486,interpolated_between_trip_triggers
VIN004_20260213T130000Z_0003,VIN004,6,destination,2026-02-13T13:10:00+00:00,600.0,48.944,2.302,72.0,374.592,2247.63,13.485,interpolated_between_trip_triggers
VIN004_20260213T160000Z_0004,VIN004,0,start,2026-02-13T16:00:00+00:00,0.0,48.929,2.292,70.0,0.0,0.0,0.0,interpolated_between_trip_triggers
VIN004_20260213T160000Z_0004,VIN004,1,trajectory,2026-02-13T16:02:45+00:00,165.0,48.9315,2.29625,70.5,416.739,416.739,9.092,interpolated_between_trip_triggers
VIN004_20260213T160000Z_0004,VIN004,2,trajectory,2026-02-13T16:05:30+00:00,330.0,48.934,2.3005,71.0,416.727,833.466,9.092,interpolated_between_trip_triggers
VIN004_20260213T160000Z_0004,VIN004,3,trajectory,2026-02-13T16:08:15+00:00,495.0,48.9365,2.30475,71.5,416.715,1250.181,9.092,interpolated_between_trip_triggers
VIN004_20260213T160000Z_0004,VIN004,4,destination,2026-02-13T16:11:00+00:00,660.0,48.939,2.309,72.0,416.704,1666.885,9.092,interpolated_between_trip_triggers
VIN004_20260213T190000Z_0005,VIN004,0,start,2026-02-13T19:00:00+00:00,0.0,48.932,2.296,70.0,0.0,0.0,0.0,interpolated_between_trip_triggers
VIN004_20260213T190000Z_0005,VIN004,1,trajectory,2026-02-13T19:02:24+00:00,144.0,48.9348,2.2976,70.4,332.561,332.561,8.314,interpolated_between_trip_triggers
VIN004_20260213T190000Z_0005,VIN004,2,trajectory,2026-02-13T19:04:48+00:00,288.0,48.9376,2.2992,70.8,332.558,665.119,8.314,interpolated_between_trip_triggers
VIN004_20260213T190000Z_0005,VIN004,3,trajectory,2026-02-13T19:07:12+00:00,432.0,48.9404,2.3008,71.2,332.556,997.675,8.314,interpolated_between_trip_triggers
VIN004_20260213T190000Z_0005,VIN004,4,trajectory,2026-02-13T19:09:36+00:00,576.0,48.9432,2.3024,71.6,332.554,1330.229,8.314,interpolated_between_trip_triggers
VIN004_20260213T190000Z_0005,VIN004,5,destination,2026-02-13T19:12:00+00:00,720.0,48.946,2.304,72.0,332.552,1662.781,8.314,interpolated_between_trip_triggers
VIN005_20260213T070000Z_0001,VIN005,0,start,2026-02-13T07:00:00+00:00,0.0,48.95,2.3,70.0,0.0,0.0,0.0,interpolated_between_trip_triggers
VIN005_20260213T070000Z_0001,VIN005,1,trajectory,2026-02-13T07:02:00+00:00,120.0,48.9525,2.302,70.5,314.016,314.016,9.42,interpolated_between_trip_triggers
VIN005_20260213T070000Z_0001,VIN005,2,trajectory,2026-02-13T07:04:00+00:00,240.0,48.955,2.304,71.0,314.012,628.028,9.42,interpolated_between_trip_triggers
VIN005_20260213T070000Z_0001,VIN005,3,trajectory,2026-02-13T07:06:00+00:00,360.0,48.9575,2.306,71.5,314.009,942.037,9.42,interpolated_between_trip_triggers
VIN005_20260213T070000Z_0001,VIN005,4,destination,2026-02-13T07:08:00+00:00,480.0,48.96,2.308,72.0,314.006,1256.043,9.42,interpolated_between_trip_triggers
VIN005_20260213T100000Z_0002,VIN005,0,start,2026-02-13T10:00:00+00:00,0.0,48.953,2.304,70.0,0.0,0.0,0.0,interpolated_between_trip_triggers
VIN005_20260213T100000Z_0002,VIN005,1,trajectory,2026-02-13T10:01:48+00:00,108.0,48.9558,2.3062,70.4,350.344,350.344,11.678,interpolated_between_trip_triggers
VIN005_20260213T100000Z_0002,VIN005,2,trajectory,2026-02-13T10:03:36+00:00,216.0,48.9586,2.3084,70.8,350.34,700.684,11.678,interpolated_between_trip_triggers
VIN005_20260213T100000Z_0002,VIN005,3,trajectory,2026-02-13T10:05:24+00:00,324.0,48.9614,2.3106,71.2,350.336,1051.02,11.678,interpolated_between_trip_triggers
VIN005_20260213T100000Z_0002,VIN005,4,trajectory,2026-02-13T10:07:12+00:00,432.0,48.9642,2.3128,71.6,350.332,1401.352,11.678,interpolated_between_trip_triggers
VIN005_20260213T100000Z_0002,VIN005,5,destination,2026-02-13T10:09:00+00:00,540.0,48.967,2.315,72.0,350.328,1751.68,11.678,interpolated_between_trip_triggers
VIN005_20260213T130000Z_0003,VIN005,0,start,2026-02-13T13:00:00+00:00,0.0,48.956,2.308,70.0,0.0,0.0,0.0,interpolated_between_trip_triggers
VIN005_20260213T130000Z_0003,VIN005,1,trajectory,2026-02-13T13:01:40+00:00,100.0,48.959,2.3103333,70.3,374.569,374.569,13.484,interpolated_between_trip_triggers
VIN005_20260213T130000Z_0003,VIN005,2,trajectory,2026-02-13T13:03:20+00:00,200.0,48.962,2.3126667,70.7,374.568,749.137,13.484,interpolated_between_trip_triggers
VIN005_20260213T130000Z_0003,VIN005,3,trajectory,2026-02-13T13:05:00+00:00,300.0,48.965,2.315,71.0,374.56,1123.696,13.484,interpolated_between_trip_triggers
VIN005_20260213T130000Z_0003,VIN005,4,trajectory,2026-02-13T13:06:40+00:00,400.0,48.968,2.3173333,71.3,374.555,1498.251,13.484,interpolated_between_trip_triggers
VIN005_20260213T130000Z_0003,VIN005,5,trajectory,2026-02-13T13:08:20+00:00,500.0,48.971,2.3196667,71.7,374.554,1872.805,13.484,interpolated_between_trip_triggers
VIN005_20260213T130000Z_0003,VIN005,6,destination,2026-02-13T13:10:00+00:00,600.0,48.974,2.322,72.0,374.546,2247.35,13.484,interpolated_between_trip_triggers
VIN005_20260213T160000Z_0004,VIN005,0,start,2026-02-13T16:00:00+00:00,0.0,48.959,2.312,70.0,0.0,0.0,0.0,interpolated_between_trip_triggers
VIN005_20260213T160000Z_0004,VIN005,1,trajectory,2026-02-13T16:02:45+00:00,165.0,48.9615,2.31625,70.5,416.6,416.6,9.089,interpolated_between_trip_triggers
VIN005_20260213T160000Z_0004,VIN005,2,trajectory,2026-02-13T16:05:30+00:00,330.0,48.964,2.3205,71.0,416.588,833.188,9.089,interpolated_between_trip_triggers
VIN005_20260213T160000Z_0004,VIN005,3,trajectory,2026-02-13T16:08:15+00:00,495.0,48.9665,2.32475,71.5,416.576,1249.764,9.089,interpolated_between_trip_triggers
VIN005_20260213T160000Z_0004,VIN005,4,destination,2026-02-13T16:11:00+00:00,660.0,48.969,2.329,72.0,416.565,1666.329,9.089,interpolated_between_trip_triggers
VIN005_20260213T190000Z_0005,VIN005,0,start,2026-02-13T19:00:00+00:00,0.0,48.962,2.316,70.0,0.0,0.0,0.0,interpolated_between_trip_triggers
VIN005_20260213T190000Z_0005,VIN005,1,trajectory,2026-02-13T19:02:24+00:00,144.0,48.9648,2.3176,70.4,332.536,332.536,8.313,interpolated_between_trip_triggers
VIN005_20260213T190000Z_0005,VIN005,2,trajectory,2026-02-13T19:04:48+00:00,288.0,48.9676,2.3192,70.8,332.534,665.07,8.313,interpolated_between_trip_triggers
VIN005_20260213T190000Z_0005,VIN005,3,trajectory,2026-02-13T19:07:12+00:00,432.0,48.9704,2.3208,71.2,332.531,997.601,8.313,interpolated_between_trip_triggers
VIN005_20260213T190000Z_0005,VIN005,4,trajectory,2026-02-13T19:09:36+00:00,576.0,48.9732,2.3224,71.6,332.529,1330.131,8.313,interpolated_between_trip_triggers
VIN005_20260213T190000Z_0005,VIN005,5,destination,2026-02-13T19:12:00+00:00,720.0,48.976,2.324,72.0,332.527,1662.657,8.313,interpolated_between_trip_triggers
VIN006_20260213T070000Z_0001,VIN006,0,start,2026-02-13T07:00:00+00:00,0.0,48.98,2.32,70.0,0.0,0.0,0.0,interpolated_between_trip_triggers
VIN006_20260213T070000Z_0001,VIN006,1,trajectory,2026-02-13T07:02:00+00:00,120.0,48.9825,2.322,70.5,313.975,313.975,9.419,interpolated_between_trip_triggers
VIN006_20260213T070000Z_0001,VIN006,2,trajectory,2026-02-13T07:04:00+00:00,240.0,48.985,2.324,71.0,313.972,627.947,9.419,interpolated_between_trip_triggers
VIN006_20260213T070000Z_0001,VIN006,3,trajectory,2026-02-13T07:06:00+00:00,360.0,48.9875,2.326,71.5,313.968,941.915,9.419,interpolated_between_trip_triggers
VIN006_20260213T070000Z_0001,VIN006,4,destination,2026-02-13T07:08:00+00:00,480.0,48.99,2.328,72.0,313.965,1255.88,9.419,interpolated_between_trip_triggers
VIN006_20260213T100000Z_0002,VIN006,0,start,2026-02-13T10:00:00+00:00,0.0,48.983,2.324,70.0,0.0,0.0,0.0,interpolated_between_trip_triggers
VIN006_20260213T100000Z_0002,VIN006,1,trajectory,2026-02-13T10:01:48+00:00,108.0,48.9858,2.3262,70.4,350.3,350.3,11.677,interpolated_between_trip_triggers
VIN006_20260213T100000Z_0002,VIN006,2,trajectory,2026-02-13T10:03:36+00:00,216.0,48.9886,2.3284,70.8,350.296,700.596,11.677,interpolated_between_trip_triggers
VIN006_20260213T100000Z_0002,VIN006,3,trajectory,2026-02-13T10:05:24+00:00,324.0,48.9914,2.3306,71.2,350.292,1050.887,11.676,interpolated_between_trip_triggers
VIN006_20260213T100000Z_0002,VIN006,4,trajectory,2026-02-13T10:07:12+00:00,432.0,48.9942,2.3328,71.6,350.288,1401.175,11.676,interpolated_between_trip_triggers
VIN006_20260213T100000Z_0002,VIN006,5,destination,2026-02-13T10:09:00+00:00,540.0,48.997,2.335,72.0,350.283,1751.458,11.676,interpolated_between_trip_triggers
VIN006_20260213T130000Z_0003,VIN006,0,start,2026-02-13T13:00:00+00:00,0.0,48.986,2.328,70.0,0.0,0.0,0.0,interpolated_between_trip_triggers
VIN006_20260213T130000Z_0003,VIN006,1,trajectory,2026-02-13T13:01:40+00:00,100.0,48.989,2.3303333,70.3,374.522,374.522,13.483,interpolated_between_trip_triggers
VIN006_20260213T130000Z_0003,VIN006,2,trajectory,2026-02-13T13:03:20+00:00,200.0,48.992,2.3326667,70.7,374.521,749.043,13.483,interpolated_between_trip_triggers
VIN006_20260213T130000Z_0003,VIN006,3,trajectory,2026-02-13T13:05:00+00:00,300.0,48.995,2.335,71.0,374.513,1123.556,13.482,interpolated_between_trip_triggers
VIN006_20260213T130000Z_0003,VIN006,4,trajectory,2026-02-13T13:06:40+00:00,400.0,48.998,2.3373333,71.3,374.508,1498.065,13.482,interpolated_between_trip_triggers
VIN006_20260213T130000Z_0003,VIN006,5,trajectory,2026-02-13T13:08:20+00:00,500.0,49.001,2.3396667,71.7,374.507,1872.572,13.482,interpolated_between_trip_triggers
VIN006_20260213T130000Z_0003,VIN006,6,destination,2026-02-13T13:10:00+00:00,600.0,49.004,2.342,72.0,374.499,2247.071,13.482,interpolated_between_trip_triggers
VIN006_20260213T160000Z_0004,VIN006,0,start,2026-02-13T16:00:00+00:00,0.0,48.989,2.332,70.0,0.0,0.0,0.0,interpolated_between_trip_triggers
VIN006_20260213T160000Z_0004,VIN006,1,trajectory,2026-02-13T16:02:45+00:00,165.0,48.9915,2.33625,70.5,416.461,416.461,9.086,interpolated_between_trip_triggers
VIN006_20260213T160000Z_0004,VIN006,2,trajectory,2026-02-13T16:05:30+00:00,330.0,48.994,2.3405,71.0,416.449,832.91,9.086,interpolated_between_trip_triggers
VIN006_20260213T160000Z_0004,VIN006,3,trajectory,2026-02-13T16:08:15+00:00,495.0,48.9965,2.34475,71.5,416.437,1249.347,9.086,interpolated_between_trip_triggers
VIN006_20260213T160000Z_0004,VIN006,4,destination,2026-02-13T16:11:00+00:00,660.0,48.999,2.349,72.0,416.426,1665.773,9.086,interpolated_between_trip_triggers
VIN006_20260213T190000Z_0005,VIN006,0,start,2026-02-13T19:00:00+00:00,0.0,48.992,2.336,70.0,0.0,0.0,0.0,interpolated_between_trip_triggers
VIN006_20260213T190000Z_0005,VIN006,1,trajectory,2026-02-13T19:02:24+00:00,144.0,48.9948,2.3376,70.4,332.511,332.511,8.313,interpolated_between_trip_triggers
VIN006_20260213T190000Z_0005,VIN006,2,trajectory,2026-02-13T19:04:48+00:00,288.0,48.9976,2.3392,70.8,332.509,665.021,8.313,interpolated_between_trip_triggers
VIN006_20260213T190000Z_0005,VIN006,3,trajectory,2026-02-13T19:07:12+00:00,432.0,49.0004,2.3408,71.2,332.507,997.527,8.313,interpolated_between_trip_triggers
VIN006_20260213T190000Z_0005,VIN006,4,trajectory,2026-02-13T19:09:36+00:00,576.0,49.0032,2.3424,71.6,332.505,1330.032,8.313,interpolated_between_trip_triggers
VIN006_20260213T190000Z_0005,VIN006,5,destination,2026-02-13T19:12:00+00:00,720.0,49.006,2.344,72.0,332.502,1662.534,8.313,interpolated_between_trip_triggers
VIN007_20260213T070000Z_0001,VIN007,0,start,2026-02-13T07:00:00+00:00,0.0,49.01,2.34,70.0,0.0,0.0,0.0,interpolated_between_trip_triggers
VIN007_20260213T070000Z_0001,VIN007,1,trajectory,2026-02-13T07:02:00+00:00,120.0,49.0125,2.342,70.5,313.934,313.934,9.418,interpolated_between_trip_triggers
VIN007_20260213T070000Z_0001,VIN007,2,trajectory,2026-02-13T07:04:00+00:00,240.0,49.015,2.344,71.0,313.931,627.865,9.418,interpolated_between_trip_triggers
VIN007_20260213T070000Z_0001,VIN007,3,trajectory,2026-02-13T07:06:00+00:00,360.0,49.0175,2.346,71.5,313.927,941.792,9.418,interpolated_between_trip_triggers
VIN007_20260213T070000Z_0001,VIN007,4,destination,2026-02-13T07:08:00+00:00,480.0,49.02,2.348,72.0,313.924,1255.716,9.418,interpolated_between_trip_triggers
VIN007_20260213T100000Z_0002,VIN007,0,start,2026-02-13T10:00:00+00:00,0.0,49.013,2.344,70.0,0.0,0.0,0.0,interpolated_between_trip_triggers
VIN007_20260213T100000Z_0002,VIN007,1,trajectory,2026-02-13T10:01:48+00:00,108.0,49.0158,2.3462,70.4,350.256,350.256,11.675,interpolated_between_trip_triggers
VIN007_20260213T100000Z_0002,VIN007,2,trajectory,2026-02-13T10:03:36+00:00,216.0,49.0186,2.3484,70.8,350.251,700.507,11.675,interpolated_between_trip_triggers
VIN007_20260213T100000Z_0002,VIN007,3,trajectory,2026-02-13T10:05:24+00:00,324.0,49.0214,2.3506,71.2,350.247,1050.754,11.675,interpolated_between_trip_triggers
VIN007_20260213T100000Z_0002,VIN007,4,trajectory,2026-02-13T10:07:12+00:00,432.0,49.0242,2.3528,71.6,350.243,1400.998,11.675,interpolated_between_trip_triggers
VIN007_20260213T100000Z_0002,VIN007,5,destination,2026-02-13T10:09:00+00:00,540.0,49.027,2.355,72.0,350.239,1751.237,11.675,interpolated_between_trip_triggers
VIN007_20260213T130000Z_0003,VIN007,0,start,2026-02-13T13:00:00+00:00,0.0,49.016,2.348,70.0,0.0,0.0,0.0,interpolated_between_trip_triggers
VIN007_20260213T130000Z_0003,VIN007,1,trajectory,2026-02-13T13:01:40+00:00,100.0,49.019,2.3503333,70.3,374.476,374.476,13.481,interpolated_between_trip_triggers
VIN007_20260213T130000Z_0003,VIN007,2,trajectory,2026-02-13T13:03:20+00:00,200.0,49.022,2.3526667,70.7,374.474,748.95,13.481,interpolated_between_trip_triggers
VIN007_20260213T130000Z_0003,VIN007,3,trajectory,2026-02-13T13:05:00+00:00,300.0,49.025,2.355,71.0,374.466,1123.416,13.481,interpolated_between_trip_triggers
VIN007_20260213T130000Z_0003,VIN007,4,trajectory,2026-02-13T13:06:40+00:00,400.0,49.028,2.3573333,71.3,374.462,1497.878,13.481,interpolated_between_trip_triggers
VIN007_20260213T130000Z_0003,VIN007,5,trajectory,2026-02-13T13:08:20+00:00,500.0,49.031,2.3596667,71.7,374.46,1872.339,13.481,interpolated_between_trip_triggers
VIN007_20260213T130000Z_0003,VIN007,6,destination,2026-02-13T13:10:00+00:00,600.0,49.034,2.362,72.0,374.452,2246.791,13.48,interpolated_between_trip_triggers
VIN007_20260213T160000Z_0004,VIN007,0,start,2026-02-13T16:00:00+00:00,0.0,49.019,2.352,70.0,0.0,0.0,0.0,interpolated_between_trip_triggers
VIN007_20260213T160000Z_0004,VIN007,1,trajectory,2026-02-13T16:02:45+00:00,165.0,49.0215,2.35625,70.5,416.322,416.322,9.083,interpolated_between_trip_triggers
VIN007_20260213T160000Z_0004,VIN007,2,trajectory,2026-02-13T16:05:30+00:00,330.0,49.024,2.3605,71.0,416.31,832.632,9.083,interpolated_between_trip_triggers
VIN007_20260213T160000Z_0004,VIN007,3,trajectory,2026-02-13T16:08:15+00:00,495.0,49.0265,2.36475,71.5,416.298,1248.93,9.083,interpolated_between_trip_triggers
VIN007_20260213T160000Z_0004,VIN007,4,destination,2026-02-13T16:11:00+00:00,660.0,49.029,2.369,72.0,416.287,1665.217,9.083,interpolated_between_trip_triggers
VIN007_20260213T190000Z_0005,VIN007,0,start,2026-02-13T19:00:00+00:00,0.0,49.022,2.356,70.0,0.0,0.0,0.0,interpolated_between_trip_triggers
VIN007_20260213T190000Z_0005,VIN007,1,trajectory,2026-02-13T19:02:24+00:00,144.0,49.0248,2.3576,70.4,332.487,332.487,8.312,interpolated_between_trip_triggers
VIN007_20260213T190000Z_0005,VIN007,2,trajectory,2026-02-13T19:04:48+00:00,288.0,49.0276,2.3592,70.8,332.484,664.971,8.312,interpolated_between_trip_triggers
VIN007_20260213T190000Z_0005,VIN007,3,trajectory,2026-02-13T19:07:12+00:00,432.0,49.0304,2.3608,71.2,332.482,997.453,8.312,interpolated_between_trip_triggers
VIN007_20260213T190000Z_0005,VIN007,4,trajectory,2026-02-13T19:09:36+00:00,576.0,49.0332,2.3624,71.6,332.48,1329.933,8.312,interpolated_between_trip_triggers
VIN007_20260213T190000Z_0005,VIN007,5,destination,2026-02-13T19:12:00+00:00,720.0,49.036,2.364,72.0,332.478,1662.411,8.312,interpolated_between_trip_triggers
VIN008_20260213T070000Z_0001,VIN008,0,start,2026-02-13T07:00:00+00:00,0.0,49.04,2.36,70.0,0.0,0.0,0.0,interpolated_between_trip_triggers
VIN008_20260213T070000Z_0001,VIN008,1,trajectory,2026-02-13T07:02:00+00:00,120.0,49.0425,2.362,70.5,313.893,313.893,9.417,interpolated_between_trip_triggers
VIN008_20260213T070000Z_0001,VIN008,2,trajectory,2026-02-13T07:04:00+00:00,240.0,49.045,2.364,71.0,313.89,627.783,9.417,interpolated_between_trip_triggers
VIN008_20260213T070000Z_0001,VIN008,3,trajectory,2026-02-13T07:06:00+00:00,360.0,49.0475,2.366,71.5,313.887,941.67,9.417,interpolated_between_trip_triggers
VIN008_20260213T070000Z_0001,VIN008,4,destination,2026-02-13T07:08:00+00:00,480.0,49.05,2.368,72.0,313.883,1255.553,9.416,interpolated_between_trip_triggers
VIN008_20260213T100000Z_0002,VIN008,0,start,2026-02-13T10:00:00+00:00,0.0,49.043,2.364,70.0,0.0,0.0,0.0,interpolated_between_trip_triggers
VIN008_20260213T100000Z_0002,VIN008,1,trajectory,2026-02-13T10:01:48+00:00,108.0,49.0458,2.3662,70.4,350.211,350.211,11.674,interpolated_between_trip_triggers
VIN008_20260213T100000Z_0002,VIN008,2,trajectory,2026-02-13T10:03:36+00:00,216.0,49.0486,2.3684,70.8,350.207,700.419,11.674,interpolated_between_trip_triggers
VIN008_20260213T100000Z_0002,VIN008,3,trajectory,2026-02-13T10:05:24+00:00,324.0,49.0514,2.3706,71.2,350.203,1050.622,11.673,interpolated_between_trip_triggers
VIN008_20260213T100000Z_0002,VIN008,4,trajectory,2026-02-13T10:07:12+00:00,432.0,49.0542,2.3728,71.6,350.199,1400.82,11.673,interpolated_between_trip_triggers
VIN008_20260213T100000Z_0002,VIN008,5,destination,2026-02-13T10:09:00+00:00,540.0,49.057,2.375,72.0,350.195,1751.015,11.673,interpolated_between_trip_triggers
VIN008_20260213T130000Z_0003,VIN008,0,start,2026-02-13T13:00:00+00:00,0.0,49.046,2.368,70.0,0.0,0.0,0.0,interpolated_between_trip_triggers
VIN008_20260213T130000Z_0003,VIN008,1,trajectory,2026-02-13T13:01:40+00:00,100.0,49.049,2.3703333,70.3,374.429,374.429,13.479,interpolated_between_trip_triggers
VIN008_20260213T130000Z_0003,VIN008,2,trajectory,2026-02-13T13:03:20+00:00,200.0,49.052,2.3726667,70.7,374.428,748.857,13.479,interpolated_between_trip_triggers
VIN008_20260213T130000Z_0003,VIN008,3,trajectory,2026-02-13T13:05:00+00:00,300.0,49.055,2.375,71.0,374.42,1123.277,13.479,interpolated_between_trip_triggers
VIN008_20260213T130000Z_0003,VIN008,4,trajectory,2026-02-13T13:06:40+00:00,400.0,49.058,2.3773333,71.3,374.415,1497.692,13.479,interpolated_between_trip_triggers
VIN008_20260213T130000Z_0003,VIN008,5,trajectory,2026-02-13T13:08:20+00:00,500.0,49.061,2.3796667,71.7,374.414,1872.106,13.479,interpolated_between_trip_triggers
VIN008_20260213T130000Z_0003,VIN008,6,destination,2026-02-13T13:10:00+00:00,600.0,49.064,2.382,72.0,374.406,2246.511,13.479,interpolated_between_trip_triggers
VIN008_20260213T160000Z_0004,VIN008,0,start,2026-02-13T16:00:00+00:00,0.0,49.049,2.372,70.0,0.0,0.0,0.0,interpolated_between_trip_triggers
VIN008_20260213T160000Z_0004,VIN008,1,trajectory,2026-02-13T16:02:45+00:00,165.0,49.0515,2.37625,70.5,416.183,416.183,9.08,interpolated_between_trip_triggers
VIN008_20260213T160000Z_0004,VIN008,2,trajectory,2026-02-13T16:05:30+00:00,330.0,49.054,2.3805,71.0,416.171,832.353,9.08,interpolated_between_trip_triggers
VIN008_20260213T160000Z_0004,VIN008,3,trajectory,2026-02-13T16:08:15+00:00,495.0,49.0565,2.38475,71.5,416.159,1248.513,9.08,interpolated_between_trip_triggers
VIN008_20260213T160000Z_0004,VIN008,4,destination,2026-02-13T16:11:00+00:00,660.0,49.059,2.389,72.0,416.148,1664.661,9.08,interpolated_between_trip_triggers
VIN008_20260213T190000Z_0005,VIN008,0,start,2026-02-13T19:00:00+00:00,0.0,49.052,2.376,70.0,0.0,0.0,0.0,interpolated_between_trip_triggers
VIN008_20260213T190000Z_0005,VIN008,1,trajectory,2026-02-13T19:02:24+00:00,144.0,49.0548,2.3776,70.4,332.462,332.462,8.312,interpolated_between_trip_triggers
VIN008_20260213T190000Z_0005,VIN008,2,trajectory,2026-02-13T19:04:48+00:00,288.0,49.0576,2.3792,70.8,332.46,664.922,8.311,interpolated_between_trip_triggers
VIN008_20260213T190000Z_0005,VIN008,3,trajectory,2026-02-13T19:07:12+00:00,432.0,49.0604,2.3808,71.2,332.457,997.379,8.311,interpolated_between_trip_triggers
VIN008_20260213T190000Z_0005,VIN008,4,trajectory,2026-02-13T19:09:36+00:00,576.0,49.0632,2.3824,71.6,332.455,1329.834,8.311,interpolated_between_trip_triggers
VIN008_20260213T190000Z_0005,VIN008,5,destination,2026-02-13T19:12:00+00:00,720.0,49.066,2.384,72.0,332.453,1662.287,8.311,interpolated_between_trip_triggers
VIN009_20260213T070000Z_0001,VIN009,0,start,2026-02-13T07:00:00+00:00,0.0,49.07,2.38,70.0,0.0,0.0,0.0,interpolated_between_trip_triggers
VIN009_20260213T070000Z_0001,VIN009,1,trajectory,2026-02-13T07:02:00+00:00,120.0,49.0725,2.382,70.5,313.852,313.852,9.416,interpolated_between_trip_triggers
VIN009_20260213T070000Z_0001,VIN009,2,trajectory,2026-02-13T07:04:00+00:00,240.0,49.075,2.384,71.0,313.849,627.702,9.415,interpolated_between_trip_triggers
VIN009_20260213T070000Z_0001,VIN009,3,trajectory,2026-02-13T07:06:00+00:00,360.0,49.0775,2.386,71.5,313.846,941.547,9.415,interpolated_between_trip_triggers
VIN009_20260213T070000Z_0001,VIN009,4,destination,2026-02-13T07:08:00+00:00,480.0,49.08,2.388,72.0,313.842,1255.39,9.415,interpolated_between_trip_triggers
VIN009_20260213T100000Z_0002,VIN009,0,start,2026-02-13T10:00:00+00:00,0.0,49.073,2.384,70.0,0.0,0.0,0.0,interpolated_between_trip_triggers
VIN009_20260213T100000Z_0002,VIN009,1,trajectory,2026-02-13T10:01:48+00:00,108.0,49.0758,2.3862,70.4,350.167,350.167,11.672,interpolated_between_trip_triggers
VIN009_20260213T100000Z_0002,VIN009,2,trajectory,2026-02-13T10:03:36+00:00,216.0,49.0786,2.3884,70.8,350.163,700.33,11.672,interpolated_between_trip_triggers
VIN009_20260213T100000Z_0002,VIN009,3,trajectory,2026-02-13T10:05:24+00:00,324.0,49.0814,2.3906,71.2,350.159,1050.489,11.672,interpolated_between_trip_triggers
VIN009_20260213T100000Z_0002,VIN009,4,trajectory,2026-02-13T10:07:12+00:00,432.0,49.0842,2.3928,71.6,350.155,1400.643,11.672,interpolated_between_trip_triggers
VIN009_20260213T100000Z_0002,VIN009,5,destination,2026-02-13T10:09:00+00:00,540.0,49.087,2.395,72.0,350.151,1750.794,11.672,interpolated_between_trip_triggers
VIN009_20260213T130000Z_0003,VIN009,0,start,2026-02-13T13:00:00+00:00,0.0,49.076,2.388,70.0,0.0,0.0,0.0,interpolated_between_trip_triggers
VIN009_20260213T130000Z_0003,VIN009,1,trajectory,2026-02-13T13:01:40+00:00,100.0,49.079,2.3903333,70.3,374.383,374.383,13.478,interpolated_between_trip_triggers
VIN009_20260213T130000Z_0003,VIN009,2,trajectory,2026-02-13T13:03:20+00:00,200.0,49.082,2.3926667,70.7,374.381,748.764,13.478,interpolated_between_trip_triggers
VIN009_20260213T130000Z_0003,VIN009,3,trajectory,2026-02-13T13:05:00+00:00,300.0,49.085,2.395,71.0,374.373,1123.137,13.477,interpolated_between_trip_triggers
VIN009_20260213T130000Z_0003,VIN009,4,trajectory,2026-02-13T13:06:40+00:00,400.0,49.088,2.3973333,71.3,374.369,1497.505,13.477,interpolated_between_trip_triggers
VIN009_20260213T130000Z_0003,VIN009,5,trajectory,2026-02-13T13:08:20+00:00,500.0,49.091,2.3996667,71.7,374.367,1871.873,13.477,interpolated_between_trip_triggers
VIN009_20260213T130000Z_0003,VIN009,6,destination,2026-02-13T13:10:00+00:00,600.0,49.094,2.402,72.0,374.359,2246.232,13.477,interpolated_between_trip_triggers
VIN009_20260213T160000Z_0004,VIN009,0,start,2026-02-13T16:00:00+00:00,0.0,49.079,2.392,70.0,0.0,0.0,0.0,interpolated_between_trip_triggers
VIN009_20260213T160000Z_0004,VIN009,1,trajectory,2026-02-13T16:02:45+00:00,165.0,49.0815,2.39625,70.5,416.043,416.043,9.077,interpolated_between_trip_triggers
VIN009_20260213T160000Z_0004,VIN009,2,trajectory,2026-02-13T16:05:30+00:00,330.0,49.084,2.4005,71.0,416.032,832.075,9.077,interpolated_between_trip_triggers
VIN009_20260213T160000Z_0004,VIN009,3,trajectory,2026-02-13T16:08:15+00:00,495.0,49.0865,2.40475,71.5,416.02,1248.095,9.077,interpolated_between_trip_triggers
VIN009_20260213T160000Z_0004,VIN009,4,destination,2026-02-13T16:11:00+00:00,660.0,49.089,2.409,72.0,416.009,1664.104,9.077,interpolated_between_trip_triggers
VIN009_20260213T190000Z_0005,VIN009,0,start,2026-02-13T19:00:00+00:00,0.0,49.082,2.396,70.0,0.0,0.0,0.0,interpolated_between_trip_triggers
VIN009_20260213T190000Z_0005,VIN009,1,trajectory,2026-02-13T19:02:24+00:00,144.0,49.0848,2.3976,70.4,332.437,332.437,8.311,interpolated_between_trip_triggers
VIN009_20260213T190000Z_0005,VIN009,2,trajectory,2026-02-13T19:04:48+00:00,288.0,49.0876,2.3992,70.8,332.435,664.872,8.311,interpolated_between_trip_triggers
VIN009_20260213T190000Z_0005,VIN009,3,trajectory,2026-02-13T19:07:12+00:00,432.0,49.0904,2.4008,71.2,332.433,997.305,8.311,interpolated_between_trip_triggers
VIN009_20260213T190000Z_0005,VIN009,4,trajectory,2026-02-13T19:09:36+00:00,576.0,49.0932,2.4024,71.6,332.43,1329.736,8.311,interpolated_between_trip_triggers
VIN009_20260213T190000Z_0005,VIN009,5,destination,2026-02-13T19:12:00+00:00,720.0,49.096,2.404,72.0,332.428,1662.164,8.311,interpolated_between_trip_triggers
VIN010_20260213T070000Z_0001,VIN010,0,start,2026-02-13T07:00:00+00:00,0.0,49.1,2.4,70.0,0.0,0.0,0.0,interpolated_between_trip_triggers
VIN010_20260213T070000Z_0001,VIN010,1,trajectory,2026-02-13T07:02:00+00:00,120.0,49.1025,2.402,70.5,313.812,313.812,9.414,interpolated_between_trip_triggers
VIN010_20260213T070000Z_0001,VIN010,2,trajectory,2026-02-13T07:04:00+00:00,240.0,49.105,2.404,71.0,313.808,627.62,9.414,interpolated_between_trip_triggers
VIN010_20260213T070000Z_0001,VIN010,3,trajectory,2026-02-13T07:06:00+00:00,360.0,49.1075,2.406,71.5,313.805,941.425,9.414,interpolated_between_trip_triggers
VIN010_20260213T070000Z_0001,VIN010,4,destination,2026-02-13T07:08:00+00:00,480.0,49.11,2.408,72.0,313.801,1255.226,9.414,interpolated_between_trip_triggers
VIN010_20260213T100000Z_0002,VIN010,0,start,2026-02-13T10:00:00+00:00,0.0,49.103,2.404,70.0,0.0,0.0,0.0,interpolated_between_trip_triggers
VIN010_20260213T100000Z_0002,VIN010,1,trajectory,2026-02-13T10:01:48+00:00,108.0,49.1058,2.4062,70.4,350.123,350.123,11.671,interpolated_between_trip_triggers
VIN010_20260213T100000Z_0002,VIN010,2,trajectory,2026-02-13T10:03:36+00:00,216.0,49.1086,2.4084,70.8,350.119,700.241,11.671,interpolated_between_trip_triggers
VIN010_20260213T100000Z_0002,VIN010,3,trajectory,2026-02-13T10:05:24+00:00,324.0,49.1114,2.4106,71.2,350.114,1050.356,11.67,interpolated_between_trip_triggers
VIN010_20260213T100000Z_0002,VIN010,4,trajectory,2026-02-13T10:07:12+00:00,432.0,49.1142,2.4128,71.6,350.11,1400.466,11.67,interpolated_between_trip_triggers
VIN010_20260213T100000Z_0002,VIN010,5,destination,2026-02-13T10:09:00+00:00,540.0,49.117,2.415,72.0,350.106,1750.572,11.67,interpolated_between_trip_triggers
VIN010_20260213T130000Z_0003,VIN010,0,start,2026-02-13T13:00:00+00:00,0.0,49.106,2.408,70.0,0.0,0.0,0.0,interpolated_between_trip_triggers
VIN010_20260213T130000Z_0003,VIN010,1,trajectory,2026-02-13T13:01:40+00:00,100.0,49.109,2.4103333,70.3,374.336,374.336,13.476,interpolated_between_trip_triggers
VIN010_20260213T130000Z_0003,VIN010,2,trajectory,2026-02-13T13:03:20+00:00,200.0,49.112,2.4126667,70.7,374.335,748.671,13.476,interpolated_between_trip_triggers
VIN010_20260213T130000Z_0003,VIN010,3,trajectory,2026-02-13T13:05:00+00:00,300.0,49.115,2.415,71.0,374.327,1122.997,13.476,interpolated_between_trip_triggers
VIN010_20260213T130000Z_0003,VIN010,4,trajectory,2026-02-13T13:06:40+00:00,400.0,49.118,2.4173333,71.3,374.322,1497.319,13.476,interpolated_between_trip_triggers
VIN010_20260213T130000Z_0003,VIN010,5,trajectory,2026-02-13T13:08:20+00:00,500.0,49.121,2.4196667,71.7,374.321,1871.64,13.476,interpolated_between_trip_triggers
VIN010_20260213T130000Z_0003,VIN010,6,destination,2026-02-13T13:10:00+00:00,600.0,49.124,2.422,72.0,374.313,2245.952,13.475,interpolated_between_trip_triggers
VIN010_20260213T160000Z_0004,VIN010,0,start,2026-02-13T16:00:00+00:00,0.0,49.109,2.412,70.0,0.0,0.0,0.0,interpolated_between_trip_triggers
VIN010_20260213T160000Z_0004,VIN010,1,trajectory,2026-02-13T16:02:45+00:00,165.0,49.1115,2.41625,70.5,415.904,415.904,9.074,interpolated_between_trip_triggers
VIN010_20260213T160000Z_0004,VIN010,2,trajectory,2026-02-13T16:05:30+00:00,330.0,49.114,2.4205,71.0,415.893,831.797,9.074,interpolated_between_trip_triggers
VIN010_20260213T160000Z_0004,VIN010,3,trajectory,2026-02-13T16:08:15+00:00,495.0,49.1165,2.42475,71.5,415.881,1247.678,9.074,interpolated_between_trip_triggers
VIN010_20260213T160000Z_0004,VIN010,4,destination,2026-02-13T16:11:00+00:00,660.0,49.119,2.429,72.0,415.87,1663.548,9.074,interpolated_between_trip_triggers
VIN010_20260213T190000Z_0005,VIN010,0,start,2026-02-13T19:00:00+00:00,0.0,49.112,2.416,70.0,0.0,0.0,0.0,interpolated_between_trip_triggers
VIN010_20260213T190000Z_0005,VIN010,1,trajectory,2026-02-13T19:02:24+00:00,144.0,49.1148,2.4176,70.4,332.413,332.413,8.31,interpolated_between_trip_triggers
VIN010_20260213T190000Z_0005,VIN010,2,trajectory,2026-02-13T19:04:48+00:00,288.0,49.1176,2.4192,70.8,332.41,664.823,8.31,interpolated_between_trip_triggers
VIN010_20260213T190000Z_0005,VIN010,3,trajectory,2026-02-13T19:07:12+00:00,432.0,49.1204,2.4208,71.2,332.408,997.231,8.31,interpolated_between_trip_triggers
VIN010_20260213T190000Z_0005,VIN010,4,trajectory,2026-02-13T19:09:36+00:00,576.0,49.1232,2.4224,71.6,332.406,1329.637,8.31,interpolated_between_trip_triggers
VIN010_20260213T190000Z_0005,VIN010,5,destination,2026-02-13T19:12:00+00:00,720.0,49.126,2.424,72.0,332.403,1662.041,8.31,interpolated_between_trip_triggers
VIN011_20260213T070000Z_0001,VIN011,0,start,2026-02-13T07:00:00+00:00,0.0,49.13,2.42,70.0,0.0,0.0,0.0,interpolated_between_trip_triggers
VIN011_20260213T070000Z_0001,VIN011,1,trajectory,2026-02-13T07:02:00+00:00,120.0,49.1325,2.422,70.5,313.771,313.771,9.413,interpolated_between_trip_triggers
VIN011_20260213T070000Z_0001,VIN011,2,trajectory,2026-02-13T07:04:00+00:00,240.0,49.135,2.424,71.0,313.767,627.538,9.413,interpolated_between_trip_triggers
VIN011_20260213T070000Z_0001,VIN011,3,trajectory,2026-02-13T07:06:00+00:00,360.0,49.1375,2.426,71.5,313.764,941.302,9.413,interpolated_between_trip_triggers
VIN011_20260213T070000Z_0001,VIN011,4,destination,2026-02-13T07:08:00+00:00,480.0,49.14,2.428,72.0,313.761,1255.063,9.413,interpolated_between_trip_triggers
VIN011_20260213T100000Z_0002,VIN011,0,start,2026-02-13T10:00:00+00:00,0.0,49.133,2.424,70.0,0.0,0.0,0.0,interpolated_between_trip_triggers
VIN011_20260213T100000Z_0002,VIN011,1,trajectory,2026-02-13T10:01:48+00:00,108.0,49.1358,2.4262,70.4,350.078,350.078,11.669,interpolated_between_trip_triggers
VIN011_20260213T100000Z_0002,VIN011,2,trajectory,2026-02-13T10:03:36+00:00,216.0,49.1386,2.4284,70.8,350.074,700.153,11.669,interpolated_between_trip_triggers
VIN011_20260213T100000Z_0002,VIN011,3,trajectory,2026-02-13T10:05:24+00:00,324.0,49.1414,2.4306,71.2,350.07,1050.223,11.669,interpolated_between_trip_triggers
VIN011_20260213T100000Z_0002,VIN011,4,trajectory,2026-02-13T10:07:12+00:00,432.0,49.1442,2.4328,71.6,350.066,1400.289,11.669,interpolated_between_trip_triggers
VIN011_20260213T100000Z_0002,VIN011,5,destination,2026-02-13T10:09:00+00:00,540.0,49.147,2.435,72.0,350.062,1750.351,11.669,interpolated_between_trip_triggers
VIN011_20260213T130000Z_0003,VIN011,0,start,2026-02-13T13:00:00+00:00,0.0,49.136,2.428,70.0,0.0,0.0,0.0,interpolated_between_trip_triggers
VIN011_20260213T130000Z_0003,VIN011,1,trajectory,2026-02-13T13:01:40+00:00,100.0,49.139,2.4303333,70.3,374.289,374.289,13.474,interpolated_between_trip_triggers
VIN011_20260213T130000Z_0003,VIN011,2,trajectory,2026-02-13T13:03:20+00:00,200.0,49.142,2.4326667,70.7,374.288,748.577,13.474,interpolated_between_trip_triggers
VIN011_20260213T130000Z_0003,VIN011,3,trajectory,2026-02-13T13:05:00+00:00,300.0,49.145,2.435,71.0,374.28,1122.857,13.474,interpolated_between_trip_triggers
VIN011_20260213T130000Z_0003,VIN011,4,trajectory,2026-02-13T13:06:40+00:00,400.0,49.148,2.4373333,71.3,374.275,1497.133,13.474,interpolated_between_trip_triggers
VIN011_20260213T130000Z_0003,VIN011,5,trajectory,2026-02-13T13:08:20+00:00,500.0,49.151,2.4396667,71.7,374.274,1871.407,13.474,interpolated_between_trip_triggers
VIN011_20260213T130000Z_0003,VIN011,6,destination,2026-02-13T13:10:00+00:00,600.0,49.154,2.442,72.0,374.266,2245.673,13.474,interpolated_between_trip_triggers
VIN011_20260213T160000Z_0004,VIN011,0,start,2026-02-13T16:00:00+00:00,0.0,49.139,2.432,70.0,0.0,0.0,0.0,interpolated_between_trip_triggers
VIN011_20260213T160000Z_0004,VIN011,1,trajectory,2026-02-13T16:02:45+00:00,165.0,49.1415,2.43625,70.5,415.765,415.765,9.071,interpolated_between_trip_triggers
VIN011_20260213T160000Z_0004,VIN011,2,trajectory,2026-02-13T16:05:30+00:00,330.0,49.144,2.4405,71.0,415.754,831.519,9.071,interpolated_between_trip_triggers
VIN011_20260213T160000Z_0004,VIN011,3,trajectory,2026-02-13T16:08:15+00:00,495.0,49.1465,2.44475,71.5,415.742,1247.261,9.071,interpolated_between_trip_triggers
VIN011_20260213T160000Z_0004,VIN011,4,destination,2026-02-13T16:11:00+00:00,660.0,49.149,2.449,72.0,415.73,1662.991,9.07,interpolated_between_trip_triggers
VIN011_20260213T190000Z_0005,VIN011,0,start,2026-02-13T19:00:00+00:00,0.0,49.142,2.436,70.0,0.0,0.0,0.0,interpolated_between_trip_triggers
VIN011_20260213T190000Z_0005,VIN011,1,trajectory,2026-02-13T19:02:24+00:00,144.0,49.1448,2.4376,70.4,332.388,332.388,8.31,interpolated_between_trip_triggers
VIN011_20260213T190000Z_0005,VIN011,2,trajectory,2026-02-13T19:04:48+00:00,288.0,49.1476,2.4392,70.8,332.386,664.774,8.31,interpolated_between_trip_triggers
VIN011_20260213T190000Z_0005,VIN011,3,trajectory,2026-02-13T19:07:12+00:00,432.0,49.1504,2.4408,71.2,332.383,997.157,8.31,interpolated_between_trip_triggers
VIN011_20260213T190000Z_0005,VIN011,4,trajectory,2026-02-13T19:09:36+00:00,576.0,49.1532,2.4424,71.6,332.381,1329.538,8.31,interpolated_between_trip_triggers
VIN011_20260213T190000Z_0005,VIN011,5,destination,2026-02-13T19:12:00+00:00,720.0,49.156,2.444,72.0,332.379,1661.917,8.309,interpolated_between_trip_triggers
VIN012_20260213T070000Z_0001,VIN012,0,start,2026-02-13T07:00:00+00:00,0.0,49.16,2.44,70.0,0.0,0.0,0.0,interpolated_between_trip_triggers
VIN012_20260213T070000Z_0001,VIN012,1,trajectory,2026-02-13T07:02:00+00:00,120.0,49.1625,2.442,70.5,313.73,313.73,9.412,interpolated_between_trip_triggers
VIN012_20260213T070000Z_0001,VIN012,2,trajectory,2026-02-13T07:04:00+00:00,240.0,49.165,2.444,71.0,313.727,627.457,9.412,interpolated_between_trip_triggers
VIN012_20260213T070000Z_0001,VIN012,3,trajectory,2026-02-13T07:06:00+00:00,360.0,49.1675,2.446,71.5,313.723,941.18,9.412,interpolated_between_trip_triggers
VIN012_20260213T070000Z_0001,VIN012,4,destination,2026-02-13T07:08:00+00:00,480.0,49.17,2.448,72.0,313.72,1254.9,9.412,interpolated_between_trip_triggers
VIN012_20260213T100000Z_0002,VIN012,0,start,2026-02-13T10:00:00+00:00,0.0,49.163,2.444,70.0,0.0,0.0,0.0,interpolated_between_trip_triggers
VIN012_20260213T100000Z_0002,VIN012,1,trajectory,2026-02-13T10:01:48+00:00,108.0,49.1658,2.4462,70.4,350.034,350.034,11.668,interpolated_between_trip_triggers
VIN012_20260213T100000Z_0002,VIN012,2,trajectory,2026-02-13T10:03:36+00:00,216.0,49.1686,2.4484,70.8,350.03,700.064,11.668,interpolated_between_trip_triggers
VIN012_20260213T100000Z_0002,VIN012,3,trajectory,2026-02-13T10:05:24+00:00,324.0,49.1714,2.4506,71.2,350.026,1050.09,11.668,interpolated_between_trip_triggers
VIN012_20260213T100000Z_0002,VIN012,4,trajectory,2026-02-13T10:07:12+00:00,432.0,49.1742,2.4528,71.6,350.022,1400.112,11.667,interpolated_between_trip_triggers
VIN012_20260213T100000Z_0002,VIN012,5,destination,2026-02-13T10:09:00+00:00,540.0,49.177,2.455,72.0,350.018,1750.13,11.667,interpolated_between_trip_triggers
VIN012_20260213T130000Z_0003,VIN012,0,start,2026-02-13T13:00:00+00:00,0.0,49.166,2.448,70.0,0.0,0.0,0.0,interpolated_between_trip_triggers
VIN012_20260213T130000Z_0003,VIN012,1,trajectory,2026-02-13T13:01:40+00:00,100.0,49.169,2.4503333,70.3,374.243,374.243,13.473,interpolated_between_trip_triggers
VIN012_20260213T130000Z_0003,VIN012,2,trajectory,2026-02-13T13:03:20+00:00,200.0,49.172,2.4526667,70.7,374.241,748.484,13.473,interpolated_between_trip_triggers
VIN012_20260213T130000Z_0003,VIN012,3,trajectory,2026-02-13T13:05:00+00:00,300.0,49.175,2.455,71.0,374.233,1122.718,13.472,interpolated_between_trip_triggers
VIN012_20260213T130000Z_0003,VIN012,4,trajectory,2026-02-13T13:06:40+00:00,400.0,49.178,2.4573333,71.3,374.229,1496.946,13.472,interpolated_between_trip_triggers
VIN012_20260213T130000Z_0003,VIN012,5,trajectory,2026-02-13T13:08:20+00:00,500.0,49.181,2.4596667,71.7,374.227,1871.174,13.472,interpolated_between_trip_triggers
VIN012_20260213T130000Z_0003,VIN012,6,destination,2026-02-13T13:10:00+00:00,600.0,49.184,2.462,72.0,374.219,2245.393,13.472,interpolated_between_trip_triggers
VIN012_20260213T160000Z_0004,VIN012,0,start,2026-02-13T16:00:00+00:00,0.0,49.169,2.452,70.0,0.0,0.0,0.0,interpolated_between_trip_triggers
VIN012_20260213T160000Z_0004,VIN012,1,trajectory,2026-02-13T16:02:45+00:00,165.0,49.1715,2.45625,70.5,415.626,415.626,9.068,interpolated_between_trip_triggers
VIN012_20260213T160000Z_0004,VIN012,2,trajectory,2026-02-13T16:05:30+00:00,330.0,49.174,2.4605,71.0,415.614,831.24,9.068,interpolated_between_trip_triggers
VIN012_20260213T160000Z_0004,VIN012,3,trajectory,2026-02-13T16:08:15+00:00,495.0,49.1765,2.46475,71.5,415.603,1246.843,9.068,interpolated_between_trip_triggers
VIN012_20260213T160000Z_0004,VIN012,4,destination,2026-02-13T16:11:00+00:00,660.0,49.179,2.469,72.0,415.591,1662.434,9.067,interpolated_between_trip_triggers
VIN012_20260213T190000Z_0005,VIN012,0,start,2026-02-13T19:00:00+00:00,0.0,49.172,2.456,70.0,0.0,0.0,0.0,interpolated_between_trip_triggers
VIN012_20260213T190000Z_0005,VIN012,1,trajectory,2026-02-13T19:02:24+00:00,144.0,49.1748,2.4576,70.4,332.363,332.363,8.309,interpolated_between_trip_triggers
VIN012_20260213T190000Z_0005,VIN012,2,trajectory,2026-02-13T19:04:48+00:00,288.0,49.1776,2.4592,70.8,332.361,664.724,8.309,interpolated_between_trip_triggers
VIN012_20260213T190000Z_0005,VIN012,3,trajectory,2026-02-13T19:07:12+00:00,432.0,49.1804,2.4608,71.2,332.359,997.083,8.309,interpolated_between_trip_triggers
VIN012_20260213T190000Z_0005,VIN012,4,trajectory,2026-02-13T19:09:36+00:00,576.0,49.1832,2.4624,71.6,332.356,1329.44,8.309,interpolated_between_trip_triggers
VIN012_20260213T190000Z_0005,VIN012,5,destination,2026-02-13T19:12:00+00:00,720.0,49.186,2.464,72.0,332.354,1661.794,8.309,interpolated_between_trip_triggers
VIN013_20260213T070000Z_0001,VIN013,0,start,2026-02-13T07:00:00+00:00,0.0,49.19,2.46,70.0,0.0,0.0,0.0,interpolated_between_trip_triggers
VIN013_20260213T070000Z_0001,VIN013,1,trajectory,2026-02-13T07:02:00+00:00,120.0,49.1925,2.462,70.5,313.689,313.689,9.411,interpolated_between_trip_triggers
VIN013_20260213T070000Z_0001,VIN013,2,trajectory,2026-02-13T07:04:00+00:00,240.0,49.195,2.464,71.0,313.686,627.375,9.411,interpolated_between_trip_triggers
VIN013_20260213T070000Z_0001,VIN013,3,trajectory,2026-02-13T07:06:00+00:00,360.0,49.1975,2.466,71.5,313.682,941.057,9.41,interpolated_between_trip_triggers
VIN013_20260213T070000Z_0001,VIN013,4,destination,2026-02-13T07:08:00+00:00,480.0,49.2,2.468,72.0,313.679,1254.736,9.41,interpolated_between_trip_triggers
VIN013_20260213T100000Z_0002,VIN013,0,start,2026-02-13T10:00:00+00:00,0.0,49.193,2.464,70.0,0.0,0.0,0.0,interpolated_between_trip_triggers
VIN013_20260213T100000Z_0002,VIN013,1,trajectory,2026-02-13T10:01:48+00:00,108.0,49.1958,2.4662,70.4,349.99,349.99,11.666,interpolated_between_trip_triggers
VIN013_20260213T100000Z_0002,VIN013,2,trajectory,2026-02-13T10:03:36+00:00,216.0,49.1986,2.4684,70.8,349.986,699.976,11.666,interpolated_between_trip_triggers
VIN013_20260213T100000Z_0002,VIN013,3,trajectory,2026-02-13T10:05:24+00:00,324.0,49.2014,2.4706,71.2,349.982,1049.957,11.666,interpolated_between_trip_triggers
VIN013_20260213T100000Z_0002,VIN013,4,trajectory,2026-02-13T10:07:12+00:00,432.0,49.2042,2.4728,71.6,349.977,1399.935,11.666,interpolated_between_trip_triggers
VIN013_20260213T100000Z_0002,VIN013,5,destination,2026-02-13T10:09:00+00:00,540.0,49.207,2.475,72.0,349.973,1749.908,11.666,interpolated_between_trip_triggers
VIN013_20260213T130000Z_0003,VIN013,0,start,2026-02-13T13:00:00+00:00,0.0,49.196,2.468,70.0,0.0,0.0,0.0,interpolated_between_trip_triggers
VIN013_20260213T130000Z_0003,VIN013,1,trajectory,2026-02-13T13:01:40+00:00,100.0,49.199,2.4703333,70.3,374.196,374.196,13.471,interpolated_between_trip_triggers
VIN013_20260213T130000Z_0003,VIN013,2,trajectory,2026-02-13T13:03:20+00:00,200.0,49.202,2.4726667,70.7,374.195,748.391,13.471,interpolated_between_trip_triggers
VIN013_20260213T130000Z_0003,VIN013,3,trajectory,2026-02-13T13:05:00+00:00,300.0,49.205,2.475,71.0,374.187,1122.578,13.471,interpolated_between_trip_triggers
VIN013_20260213T130000Z_0003,VIN013,4,trajectory,2026-02-13T13:06:40+00:00,400.0,49.208,2.4773333,71.3,374.182,1496.76,13.471,interpolated_between_trip_triggers
VIN013_20260213T130000Z_0003,VIN013,5,trajectory,2026-02-13T13:08:20+00:00,500.0,49.211,2.4796667,71.7,374.181,1870.941,13.471,interpolated_between_trip_triggers
VIN013_20260213T130000Z_0003,VIN013,6,destination,2026-02-13T13:10:00+00:00,600.0,49.214,2.482,72.0,374.173,2245.114,13.47,interpolated_between_trip_triggers
VIN013_20260213T160000Z_0004,VIN013,0,start,2026-02-13T16:00:00+00:00,0.0,49.199,2.472,70.0,0.0,0.0,0.0,interpolated_between_trip_triggers
VIN013_20260213T160000Z_0004,VIN013,1,trajectory,2026-02-13T16:02:45+00:00,165.0,49.2015,2.47625,70.5,415.487,415.487,9.065,interpolated_between_trip_triggers
VIN013_20260213T160000Z_0004,VIN013,2,trajectory,2026-02-13T16:05:30+00:00,330.0,49.204,2.4805,71.0,415.475,830.962,9.065,interpolated_between_trip_triggers
VIN013_20260213T160000Z_0004,VIN013,3,trajectory,2026-02-13T16:08:15+00:00,495.0,49.2065,2.48475,71.5,415.464,1246.426,9.065,interpolated_between_trip_triggers
VIN013_20260213T160000Z_0004,VIN013,4,destination,2026-02-13T16:11:00+00:00,660.0,49.209,2.489,72.0,415.452,1661.878,9.064,interpolated_between_trip_triggers
VIN013_20260213T190000Z_0005,VIN013,0,start,2026-02-13T19:00:00+00:00,0.0,49.202,2.476,70.0,0.0,0.0,0.0,interpolated_between_trip_triggers
VIN013_20260213T190000Z_0005,VIN013,1,trajectory,2026-02-13T19:02:24+00:00,144.0,49.2048,2.4776,70.4,332.339,332.339,8.308,interpolated_between_trip_triggers
VIN013_20260213T190000Z_0005,VIN013,2,trajectory,2026-02-13T19:04:48+00:00,288.0,49.2076,2.4792,70.8,332.336,664.675,8.308,interpolated_between_trip_triggers
VIN013_20260213T190000Z_0005,VIN013,3,trajectory,2026-02-13T19:07:12+00:00,432.0,49.2104,2.4808,71.2,332.334,997.009,8.308,interpolated_between_trip_triggers
VIN013_20260213T190000Z_0005,VIN013,4,trajectory,2026-02-13T19:09:36+00:00,576.0,49.2132,2.4824,71.6,332.332,1329.341,8.308,interpolated_between_trip_triggers
VIN013_20260213T190000Z_0005,VIN013,5,destination,2026-02-13T19:12:00+00:00,720.0,49.216,2.484,72.0,332.329,1661.67,8.308,interpolated_between_trip_triggers
