_raw_row_id,vin,trigger,signal,scalar,series,timestamp,ingestion_timestamp,fuel,hyb,model
2,VIN000,Vehicle/Trigger/StartOfJourney,lastKnownLocationAltitude,70.0,,2026-02-13 07:00:00+00:00,2026-02-13 07:00:01+00:00,electric,bev,fixture
0,VIN000,Vehicle/Trigger/StartOfJourney,locationLatitude,48.8,,2026-02-13 07:00:00+00:00,2026-02-13 07:00:01+00:00,electric,bev,fixture
1,VIN000,Vehicle/Trigger/StartOfJourney,locationLongitude,2.2,,2026-02-13 07:00:00+00:00,2026-02-13 07:00:01+00:00,electric,bev,fixture
8,VIN000,UCD/Sent/Trigger/Trg_periodic_5_seconds,lastKnownLocationAltitude,,"[70.0, 70.5, 71.0, 71.5, 72.0]",2026-02-13 07:08:00+00:00,2026-02-13 07:08:01+00:00,electric,bev,fixture
6,VIN000,UCD/Sent/Trigger/Trg_periodic_5_seconds,locationLatitude,,"[48.8, 48.8025, 48.805, 48.8075, 48.81]",2026-02-13 07:08:00+00:00,2026-02-13 07:08:01+00:00,electric,bev,fixture
7,VIN000,UCD/Sent/Trigger/Trg_periodic_5_seconds,locationLongitude,,"[2.2, 2.202, 2.204, 2.206, 2.208]",2026-02-13 07:08:00+00:00,2026-02-13 07:08:01+00:00,electric,bev,fixture
5,VIN000,Vehicle/Trigger/EndOfJourney,lastKnownLocationAltitude,72.0,,2026-02-13 07:08:00+00:00,2026-02-13 07:08:01+00:00,electric,bev,fixture
3,VIN000,Vehicle/Trigger/EndOfJourney,locationLatitude,48.81,,2026-02-13 07:08:00+00:00,2026-02-13 07:08:01+00:00,electric,bev,fixture
4,VIN000,Vehicle/Trigger/EndOfJourney,locationLongitude,2.208,,2026-02-13 07:08:00+00:00,2026-02-13 07:08:01+00:00,electric,bev,fixture
11,VIN000,Vehicle/Trigger/StartOfJourney,lastKnownLocationAltitude,70.0,,2026-02-13 10:00:00+00:00,2026-02-13 10:00:01+00:00,electric,bev,fixture
9,VIN000,Vehicle/Trigger/StartOfJourney,locationLatitude,48.803,,2026-02-13 10:00:00+00:00,2026-02-13 10:00:01+00:00,electric,bev,fixture
10,VIN000,Vehicle/Trigger/StartOfJourney,locationLongitude,2.204,,2026-02-13 10:00:00+00:00,2026-02-13 10:00:01+00:00,electric,bev,fixture
17,VIN000,UCD/Sent/Trigger/Trg_periodic_5_seconds,lastKnownLocationAltitude,,"[70.0, 70.4, 70.8, 71.2, 71.6, 72.0]",2026-02-13 10:09:00+00:00,2026-02-13 10:09:01+00:00,electric,bev,fixture
15,VIN000,UCD/Sent/Trigger/Trg_periodic_5_seconds,locationLatitude,,"[48.803, 48.8058, 48.8086, 48.8114, 48.8142, 48.817]",2026-02-13 10:09:00+00:00,2026-02-13 10:09:01+00:00,electric,bev,fixture
16,VIN000,UCD/Sent/Trigger/Trg_periodic_5_seconds,locationLongitude,,"[2.204, 2.2062, 2.2084, 2.2106, 2.2128, 2.215]",2026-02-13 10:09:00+00:00,2026-02-13 10:09:01+00:00,electric,bev,fixture
14,VIN000,Vehicle/Trigger/EndOfJourney,lastKnownLocationAltitude,72.0,,2026-02-13 10:09:00+00:00,2026-02-13 10:09:01+00:00,electric,bev,fixture
12,VIN000,Vehicle/Trigger/EndOfJourney,locationLatitude,48.817,,2026-02-13 10:09:00+00:00,2026-02-13 10:09:01+00:00,electric,bev,fixture
13,VIN000,Vehicle/Trigger/EndOfJourney,locationLongitude,2.215,,2026-02-13 10:09:00+00:00,2026-02-13 10:09:01+00:00,electric,bev,fixture
20,VIN000,Vehicle/Trigger/StartOfJourney,lastKnownLocationAltitude,70.0,,2026-02-13 13:00:00+00:00,2026-02-13 13:00:01+00:00,electric,bev,fixture
18,VIN000,Vehicle/Trigger/StartOfJourney,locationLatitude,48.806,,2026-02-13 13:00:00+00:00,2026-02-13 13:00:01+00:00,electric,bev,fixture
19,VIN000,Vehicle/Trigger/StartOfJourney,locationLongitude,2.208,,2026-02-13 13:00:00+00:00,2026-02-13 13:00:01+00:00,electric,bev,fixture
26,VIN000,UCD/Sent/Trigger/Trg_periodic_5_seconds,lastKnownLocationAltitude,,"[70.0, 70.3, 70.7, 71.0, 71.3, 71.7, 72.0]",2026-02-13 13:10:00+00:00,2026-02-13 13:10:01+00:00,electric,bev,fixture
24,VIN000,UCD/Sent/Trigger/Trg_periodic_5_seconds,locationLatitude,,"[48.806, 48.809, 48.812, 48.815, 48.818, 48.821, 48.824]",2026-02-13 13:10:00+00:00,2026-02-13 13:10:01+00:00,electric,bev,fixture
25,VIN000,UCD/Sent/Trigger/Trg_periodic_5_seconds,locationLongitude,,"[2.208, 2.2103333, 2.2126667, 2.215, 2.2173333, 2.2196667, 2.222]",2026-02-13 13:10:00+00:00,2026-02-13 13:10:01+00:00,electric,bev,fixture
23,VIN000,Vehicle/Trigger/EndOfJourney,lastKnownLocationAltitude,72.0,,2026-02-13 13:10:00+00:00,2026-02-13 13:10:01+00:00,electric,bev,fixture
21,VIN000,Vehicle/Trigger/EndOfJourney,locationLatitude,48.824,,2026-02-13 13:10:00+00:00,2026-02-13 13:10:01+00:00,electric,bev,fixture
22,VIN000,Vehicle/Trigger/EndOfJourney,locationLongitude,2.222,,2026-02-13 13:10:00+00:00,2026-02-13 13:10:01+00:00,electric,bev,fixture
29,VIN000,Vehicle/Trigger/StartOfJourney,lastKnownLocationAltitude,70.0,,2026-02-13 16:00:00+00:00,2026-02-13 16:00:01+00:00,electric,bev,fixture
27,VIN000,Vehicle/Trigger/StartOfJourney,locationLatitude,48.809,,2026-02-13 16:00:00+00:00,2026-02-13 16:00:01+00:00,electric,bev,fixture
28,VIN000,Vehicle/Trigger/StartOfJourney,locationLongitude,2.212,,2026-02-13 16:00:00+00:00,2026-02-13 16:00:01+00:00,electric,bev,fixture
35,VIN000,UCD/Sent/Trigger/Trg_periodic_5_seconds,lastKnownLocationAltitude,,"[70.0, 70.5, 71.0, 71.5, 72.0]",2026-02-13 16:11:00+00:00,2026-02-13 16:11:01+00:00,electric,bev,fixture
33,VIN000,UCD/Sent/Trigger/Trg_periodic_5_seconds,locationLatitude,,"[48.809, 48.8115, 48.814, 48.8165, 48.819]",2026-02-13 16:11:00+00:00,2026-02-13 16:11:01+00:00,electric,bev,fixture
34,VIN000,UCD/Sent/Trigger/Trg_periodic_5_seconds,locationLongitude,,"[2.212, 2.21625, 2.2205, 2.22475, 2.229]",2026-02-13 16:11:00+00:00,2026-02-13 16:11:01+00:00,electric,bev,fixture
32,VIN000,Vehicle/Trigger/EndOfJourney,lastKnownLocationAltitude,72.0,,2026-02-13 16:11:00+00:00,2026-02-13 16:11:01+00:00,electric,bev,fixture
30,VIN000,Vehicle/Trigger/EndOfJourney,locationLatitude,48.819,,2026-02-13 16:11:00+00:00,2026-02-13 16:11:01+00:00,electric,bev,fixture
31,VIN000,Vehicle/Trigger/EndOfJourney,locationLongitude,2.229,,2026-02-13 16:11:00+00:00,2026-02-13 16:11:01+00:00,electric,bev,fixture
38,VIN000,Vehicle/Trigger/StartOfJourney,lastKnownLocationAltitude,70.0,,2026-02-13 19:00:00+00:00,2026-02-13 19:00:01+00:00,electric,bev,fixture
36,VIN000,Vehicle/Trigger/StartOfJourney,locationLatitude,48.812,,2026-02-13 19:00:00+00:00,2026-02-13 19:00:01+00:00,electric,bev,fixture
37,VIN000,Vehicle/Trigger/StartOfJourney,locationLongitude,2.216,,2026-02-13 19:00:00+00:00,2026-02-13 19:00:01+00:00,electric,bev,fixture
44,VIN000,UCD/Sent/Trigger/Trg_periodic_5_seconds,lastKnownLocationAltitude,,"[70.0, 70.4, 70.8, 71.2, 71.6, 72.0]",2026-02-13 19:12:00+00:00,2026-02-13 19:12:01+00:00,electric,bev,fixture
42,VIN000,UCD/Sent/Trigger/Trg_periodic_5_seconds,locationLatitude,,"[48.812, 48.8148, 48.8176, 48.8204, 48.8232, 48.826]",2026-02-13 19:12:00+00:00,2026-02-13 19:12:01+00:00,electric,bev,fixture
43,VIN000,UCD/Sent/Trigger/Trg_periodic_5_seconds,locationLongitude,,"[2.216, 2.2176, 2.2192, 2.2208, 2.2224, 2.224]",2026-02-13 19:12:00+00:00,2026-02-13 19:12:01+00:00,electric,bev,fixture
41,VIN000,Vehicle/Trigger/EndOfJourney,lastKnownLocationAltitude,72.0,,2026-02-13 19:12:00+00:00,2026-02-13 19:12:01+00:00,electric,bev,fixture
39,VIN000,Vehicle/Trigger/EndOfJourney,locationLatitude,48.826,,2026-02-13 19:12:00+00:00,2026-02-13 19:12:01+00:00,electric,bev,fixture
40,VIN000,Vehicle/Trigger/EndOfJourney,locationLongitude,2.224,,2026-02-13 19:12:00+00:00,2026-02-13 19:12:01+00:00,electric,bev,fixture
47,VIN001,Vehicle/Trigger/StartOfJourney,lastKnownLocationAltitude,70.0,,2026-02-13 07:00:00+00:00,2026-02-13 07:00:01+00:00,electric,bev,fixture
45,VIN001,Vehicle/Trigger/StartOfJourney,locationLatitude,48.83,,2026-02-13 07:00:00+00:00,2026-02-13 07:00:01+00:00,electric,bev,fixture
46,VIN001,Vehicle/Trigger/StartOfJourney,locationLongitude,2.22,,2026-02-13 07:00:00+00:00,2026-02-13 07:00:01+00:00,electric,bev,fixture
53,VIN001,UCD/Sent/Trigger/Trg_periodic_5_seconds,lastKnownLocationAltitude,,"[70.0, 70.5, 71.0, 71.5, 72.0]",2026-02-13 07:08:00+00:00,2026-02-13 07:08:01+00:00,electric,bev,fixture
51,VIN001,UCD/Sent/Trigger/Trg_periodic_5_seconds,locationLatitude,,"[48.83, 48.8325, 48.835, 48.8375, 48.84]",2026-02-13 07:08:00+00:00,2026-02-13 07:08:01+00:00,electric,bev,fixture
52,VIN001,UCD/Sent/Trigger/Trg_periodic_5_seconds,locationLongitude,,"[2.22, 2.222, 2.224, 2.226, 2.228]",2026-02-13 07:08:00+00:00,2026-02-13 07:08:01+00:00,electric,bev,fixture
50,VIN001,Vehicle/Trigger/EndOfJourney,lastKnownLocationAltitude,72.0,,2026-02-13 07:08:00+00:00,2026-02-13 07:08:01+00:00,electric,bev,fixture
48,VIN001,Vehicle/Trigger/EndOfJourney,locationLatitude,48.84,,2026-02-13 07:08:00+00:00,2026-02-13 07:08:01+00:00,electric,bev,fixture
49,VIN001,Vehicle/Trigger/EndOfJourney,locationLongitude,2.228,,2026-02-13 07:08:00+00:00,2026-02-13 07:08:01+00:00,electric,bev,fixture
56,VIN001,Vehicle/Trigger/StartOfJourney,lastKnownLocationAltitude,70.0,,2026-02-13 10:00:00+00:00,2026-02-13 10:00:01+00:00,electric,bev,fixture
54,VIN001,Vehicle/Trigger/StartOfJourney,locationLatitude,48.833,,2026-02-13 10:00:00+00:00,2026-02-13 10:00:01+00:00,electric,bev,fixture
55,VIN001,Vehicle/Trigger/StartOfJourney,locationLongitude,2.224,,2026-02-13 10:00:00+00:00,2026-02-13 10:00:01+00:00,electric,bev,fixture
62,VIN001,UCD/Sent/Trigger/Trg_periodic_5_seconds,lastKnownLocationAltitude,,"[70.0, 70.4, 70.8, 71.2, 71.6, 72.0]",2026-02-13 10:09:00+00:00,2026-02-13 10:09:01+00:00,electric,bev,fixture
60,VIN001,UCD/Sent/Trigger/Trg_periodic_5_seconds,locationLatitude,,"[48.833, 48.8358, 48.8386, 48.8414, 48.8442, 48.847]",2026-02-13 10:09:00+00:00,2026-02-13 10:09:01+00:00,electric,bev,fixture
61,VIN001,UCD/Sent/Trigger/Trg_periodic_5_seconds,locationLongitude,,"[2.224, 2.2262, 2.2284, 2.2306, 2.2328, 2.235]",2026-02-13 10:09:00+00:00,2026-02-13 10:09:01+00:00,electric,bev,fixture
59,VIN001,Vehicle/Trigger/EndOfJourney,lastKnownLocationAltitude,72.0,,2026-02-13 10:09:00+00:00,2026-02-13 10:09:01+00:00,electric,bev,fixture
57,VIN001,Vehicle/Trigger/EndOfJourney,locationLatitude,48.847,,2026-02-13 10:09:00+00:00,2026-02-13 10:09:01+00:00,electric,bev,fixture
58,VIN001,Vehicle/Trigger/EndOfJourney,locationLongitude,2.235,,2026-02-13 10:09:00+00:00,2026-02-13 10:09:01+00:00,electric,bev,fixture
65,VIN001,Vehicle/Trigger/StartOfJourney,lastKnownLocationAltitude,70.0,,2026-02-13 13:00:00+00:00,2026-02-13 13:00:01+00:00,electric,bev,fixture
63,VIN001,Vehicle/Trigger/StartOfJourney,locationLatitude,48.836,,2026-02-13 13:00:00+00:00,2026-02-13 13:00:01+00:00,electric,bev,fixture
64,VIN001,Vehicle/Trigger/StartOfJourney,locationLongitude,2.228,,2026-02-13 13:00:00+00:00,2026-02-13 13:00:01+00:00,electric,bev,fixture
71,VIN001,UCD/Sent/Trigger/Trg_periodic_5_seconds,lastKnownLocationAltitude,,"[70.0, 70.3, 70.7, 71.0, 71.3, 71.7, 72.0]",2026-02-13 13:10:00+00:00,2026-02-13 13:10:01+00:00,electric,bev,fixture
69,VIN001,UCD/Sent/Trigger/Trg_periodic_5_seconds,locationLatitude,,"[48.836, 48.839, 48.842, 48.845, 48.848, 48.851, 48.854]",2026-02-13 13:10:00+00:00,2026-02-13 13:10:01+00:00,electric,bev,fixture
70,VIN001,UCD/Sent/Trigger/Trg_periodic_5_seconds,locationLongitude,,"[2.228, 2.2303333, 2.2326667, 2.235, 2.2373333, 2.2396667, 2.242]",2026-02-13 13:10:00+00:00,2026-02-13 13:10:01+00:00,electric,bev,fixture
68,VIN001,Vehicle/Trigger/EndOfJourney,lastKnownLocationAltitude,72.0,,2026-02-13 13:10:00+00:00,2026-02-13 13:10:01+00:00,electric,bev,fixture
66,VIN001,Vehicle/Trigger/EndOfJourney,locationLatitude,48.854,,2026-02-13 13:10:00+00:00,2026-02-13 13:10:01+00:00,electric,bev,fixture
67,VIN001,Vehicle/Trigger/EndOfJourney,locationLongitude,2.242,,2026-02-13 13:10:00+00:00,2026-02-13 13:10:01+00:00,electric,bev,fixture
74,VIN001,Vehicle/Trigger/StartOfJourney,lastKnownLocationAltitude,70.0,,2026-02-13 16:00:00+00:00,2026-02-13 16:00:01+00:00,electric,bev,fixture
72,VIN001,Vehicle/Trigger/StartOfJourney,locationLatitude,48.839,,2026-02-13 16:00:00+00:00,2026-02-13 16:00:01+00:00,electric,bev,fixture
73,VIN001,Vehicle/Trigger/StartOfJourney,locationLongitude,2.232,,2026-02-13 16:00:00+00:00,2026-02-13 16:00:01+00:00,electric,bev,fixture
80,VIN001,UCD/Sent/Trigger/Trg_periodic_5_seconds,lastKnownLocationAltitude,,"[70.0, 70.5, 71.0, 71.5, 72.0]",2026-02-13 16:11:00+00:00,2026-02-13 16:11:01+00:00,electric,bev,fixture
78,VIN001,UCD/Sent/Trigger/Trg_periodic_5_seconds,locationLatitude,,"[48.839, 48.8415, 48.844, 48.8465, 48.849]",2026-02-13 16:11:00+00:00,2026-02-13 16:11:01+00:00,electric,bev,fixture
79,VIN001,UCD/Sent/Trigger/Trg_periodic_5_seconds,locationLongitude,,"[2.232, 2.23625, 2.2405, 2.24475, 2.249]",2026-02-13 16:11:00+00:00,2026-02-13 16:11:01+00:00,electric,bev,fixture
77,VIN001,Vehicle/Trigger/EndOfJourney,lastKnownLocationAltitude,72.0,,2026-02-13 16:11:00+00:00,2026-02-13 16:11:01+00:00,electric,bev,fixture
75,VIN001,Vehicle/Trigger/EndOfJourney,locationLatitude,48.849,,2026-02-13 16:11:00+00:00,2026-02-13 16:11:01+00:00,electric,bev,fixture
76,VIN001,Vehicle/Trigger/EndOfJourney,locationLongitude,2.249,,2026-02-13 16:11:00+00:00,2026-02-13 16:11:01+00:00,electric,bev,fixture
83,VIN001,Vehicle/Trigger/StartOfJourney,lastKnownLocationAltitude,70.0,,2026-02-13 19:00:00+00:00,2026-02-13 19:00:01+00:00,electric,bev,fixture
81,VIN001,Vehicle/Trigger/StartOfJourney,locationLatitude,48.842,,2026-02-13 19:00:00+00:00,2026-02-13 19:00:01+00:00,electric,bev,fixture
82,VIN001,Vehicle/Trigger/StartOfJourney,locationLongitude,2.236,,2026-02-13 19:00:00+00:00,2026-02-13 19:00:01+00:00,electric,bev,fixture
89,VIN001,UCD/Sent/Trigger/Trg_periodic_5_seconds,lastKnownLocationAltitude,,"[70.0, 70.4, 70.8, 71.2, 71.6, 72.0]",2026-02-13 19:12:00+00:00,2026-02-13 19:12:01+00:00,electric,bev,fixture
87,VIN001,UCD/Sent/Trigger/Trg_periodic_5_seconds,locationLatitude,,"[48.842, 48.8448, 48.8476, 48.8504, 48.8532, 48.856]",2026-02-13 19:12:00+00:00,2026-02-13 19:12:01+00:00,electric,bev,fixture
88,VIN001,UCD/Sent/Trigger/Trg_periodic_5_seconds,locationLongitude,,"[2.236, 2.2376, 2.2392, 2.2408, 2.2424, 2.244]",2026-02-13 19:12:00+00:00,2026-02-13 19:12:01+00:00,electric,bev,fixture
86,VIN001,Vehicle/Trigger/EndOfJourney,lastKnownLocationAltitude,72.0,,2026-02-13 19:12:00+00:00,2026-02-13 19:12:01+00:00,electric,bev,fixture
84,VIN001,Vehicle/Trigger/EndOfJourney,locationLatitude,48.856,,2026-02-13 19:12:00+00:00,2026-02-13 19:12:01+00:00,electric,bev,fixture
85,VIN001,Vehicle/Trigger/EndOfJourney,locationLongitude,2.244,,2026-02-13 19:12:00+00:00,2026-02-13 19:12:01+00:00,electric,bev,fixture
92,VIN002,Vehicle/Trigger/StartOfJourney,lastKnownLocationAltitude,70.0,,2026-02-13 07:00:00+00:00,2026-02-13 07:00:01+00:00,electric,bev,fixture
90,VIN002,Vehicle/Trigger/StartOfJourney,locationLatitude,48.86,,2026-02-13 07:00:00+00:00,2026-02-13 07:00:01+00:00,electric,bev,fixture
91,VIN002,Vehicle/Trigger/StartOfJourney,locationLongitude,2.24,,2026-02-13 07:00:00+00:00,2026-02-13 07:00:01+00:00,electric,bev,fixture
98,VIN002,UCD/Sent/Trigger/Trg_periodic_5_seconds,lastKnownLocationAltitude,,"[70.0, 70.5, 71.0, 71.5, 72.0]",2026-02-13 07:08:00+00:00,2026-02-13 07:08:01+00:00,electric,bev,fixture
96,VIN002,UCD/Sent/Trigger/Trg_periodic_5_seconds,locationLatitude,,"[48.86, 48.8625, 48.865, 48.8675, 48.87]",2026-02-13 07:08:00+00:00,2026-02-13 07:08:01+00:00,electric,bev,fixture
97,VIN002,UCD/Sent/Trigger/Trg_periodic_5_seconds,locationLongitude,,"[2.24, 2.242, 2.244, 2.246, 2.248]",2026-02-13 07:08:00+00:00,2026-02-13 07:08:01+00:00,electric,bev,fixture
95,VIN002,Vehicle/Trigger/EndOfJourney,lastKnownLocationAltitude,72.0,,2026-02-13 07:08:00+00:00,2026-02-13 07:08:01+00:00,electric,bev,fixture
93,VIN002,Vehicle/Trigger/EndOfJourney,locationLatitude,48.87,,2026-02-13 07:08:00+00:00,2026-02-13 07:08:01+00:00,electric,bev,fixture
94,VIN002,Vehicle/Trigger/EndOfJourney,locationLongitude,2.248,,2026-02-13 07:08:00+00:00,2026-02-13 07:08:01+00:00,electric,bev,fixture
101,VIN002,Vehicle/Trigger/StartOfJourney,lastKnownLocationAltitude,70.0,,2026-02-13 10:00:00+00:00,2026-02-13 10:00:01+00:00,electric,bev,fixture
99,VIN002,Vehicle/Trigger/StartOfJourney,locationLatitude,48.863,,2026-02-13 10:00:00+00:00,2026-02-13 10:00:01+00:00,electric,bev,fixture
100,VIN002,Vehicle/Trigger/StartOfJourney,locationLongitude,2.244,,2026-02-13 10:00:00+00:00,2026-02-13 10:00:01+00:00,electric,bev,fixture
107,VIN002,UCD/Sent/Trigger/Trg_periodic_5_seconds,lastKnownLocationAltitude,,"[70.0, 70.4, 70.8, 71.2, 71.6, 72.0]",2026-02-13 10:09:00+00:00,2026-02-13 10:09:01+00:00,electric,bev,fixture
105,VIN002,UCD/Sent/Trigger/Trg_periodic_5_seconds,locationLatitude,,"[48.863, 48.8658, 48.8686, 48.8714, 48.8742, 48.877]",2026-02-13 10:09:00+00:00,2026-02-13 10:09:01+00:00,electric,bev,fixture
106,VIN002,UCD/Sent/Trigger/Trg_periodic_5_seconds,locationLongitude,,"[2.244, 2.2462, 2.2484, 2.2506, 2.2528, 2.255]",2026-02-13 10:09:00+00:00,2026-02-13 10:09:01+00:00,electric,bev,fixture
104,VIN002,Vehicle/Trigger/EndOfJourney,lastKnownLocationAltitude,72.0,,2026-02-13 10:09:00+00:00,2026-02-13 10:09:01+00:00,electric,bev,fixture
102,VIN002,Vehicle/Trigger/EndOfJourney,locationLatitude,48.877,,2026-02-13 10:09:00+00:00,2026-02-13 10:09:01+00:00,electric,bev,fixture
103,VIN002,Vehicle/Trigger/EndOfJourney,locationLongitude,2.255,,2026-02-13 10:09:00+00:00,2026-02-13 10:09:01+00:00,electric,bev,fixture
110,VIN002,Vehicle/Trigger/StartOfJourney,lastKnownLocationAltitude,70.0,,2026-02-13 13:00:00+00:00,2026-02-13 13:00:01+00:00,electric,bev,fixture
108,VIN002,Vehicle/Trigger/StartOfJourney,locationLatitude,48.866,,2026-02-13 13:00:00+00:00,2026-02-13 13:00:01+00:00,electric,bev,fixture
109,VIN002,Vehicle/Trigger/StartOfJourney,locationLongitude,2.248,,2026-02-13 13:00:00+00:00,2026-02-13 13:00:01+00:00,electric,bev,fixture
116,VIN002,UCD/Sent/Trigger/Trg_periodic_5_seconds,lastKnownLocationAltitude,,"[70.0, 70.3, 70.7, 71.0, 71.3, 71.7, 72.0]",2026-02-13 13:10:00+00:00,2026-02-13 13:10:01+00:00,electric,bev,fixture
114,VIN002,UCD/Sent/Trigger/Trg_periodic_5_seconds,locationLatitude,,"[48.866, 48.869, 48.872, 48.875, 48.878, 48.881, 48.884]",2026-02-13 13:10:00+00:00,2026-02-13 13:10:01+00:00,electric,bev,fixture
115,VIN002,UCD/Sent/Trigger/Trg_periodic_5_seconds,locationLongitude,,"[2.248, 2.2503333, 2.2526667, 2.255, 2.2573333, 2.2596667, 2.262]",2026-02-13 13:10:00+00:00,2026-02-13 13:10:01+00:00,electric,bev,fixture
113,VIN002,Vehicle/Trigger/EndOfJourney,lastKnownLocationAltitude,72.0,,2026-02-13 13:10:00+00:00,2026-02-13 13:10:01+00:00,electric,bev,fixture
111,VIN002,Vehicle/Trigger/EndOfJourney,locationLatitude,48.884,,2026-02-13 13:10:00+00:00,2026-02-13 13:10:01+00:00,electric,bev,fixture
112,VIN002,Vehicle/Trigger/EndOfJourney,locationLongitude,2.262,,2026-02-13 13:10:00+00:00,2026-02-13 13:10:01+00:00,electric,bev,fixture
119,VIN002,Vehicle/Trigger/StartOfJourney,lastKnownLocationAltitude,70.0,,2026-02-13 16:00:00+00:00,2026-02-13 16:00:01+00:00,electric,bev,fixture
117,VIN002,Vehicle/Trigger/StartOfJourney,locationLatitude,48.869,,2026-02-13 16:00:00+00:00,2026-02-13 16:00:01+00:00,electric,bev,fixture
118,VIN002,Vehicle/Trigger/StartOfJourney,locationLongitude,2.252,,2026-02-13 16:00:00+00:00,2026-02-13 16:00:01+00:00,electric,bev,fixture
125,VIN002,UCD/Sent/Trigger/Trg_periodic_5_seconds,lastKnownLocationAltitude,,"[70.0, 70.5, 71.0, 71.5, 72.0]",2026-02-13 16:11:00+00:00,2026-02-13 16:11:01+00:00,electric,bev,fixture
123,VIN002,UCD/Sent/Trigger/Trg_periodic_5_seconds,locationLatitude,,"[48.869, 48.8715, 48.874, 48.8765, 48.879]",2026-02-13 16:11:00+00:00,2026-02-13 16:11:01+00:00,electric,bev,fixture
124,VIN002,UCD/Sent/Trigger/Trg_periodic_5_seconds,locationLongitude,,"[2.252, 2.25625, 2.2605, 2.26475, 2.269]",2026-02-13 16:11:00+00:00,2026-02-13 16:11:01+00:00,electric,bev,fixture
122,VIN002,Vehicle/Trigger/EndOfJourney,lastKnownLocationAltitude,72.0,,2026-02-13 16:11:00+00:00,2026-02-13 16:11:01+00:00,electric,bev,fixture
120,VIN002,Vehicle/Trigger/EndOfJourney,locationLatitude,48.879,,2026-02-13 16:11:00+00:00,2026-02-13 16:11:01+00:00,electric,bev,fixture
121,VIN002,Vehicle/Trigger/EndOfJourney,locationLongitude,2.269,,2026-02-13 16:11:00+00:00,2026-02-13 16:11:01+00:00,electric,bev,fixture
128,VIN002,Vehicle/Trigger/StartOfJourney,lastKnownLocationAltitude,70.0,,2026-02-13 19:00:00+00:00,2026-02-13 19:00:01+00:00,electric,bev,fixture
126,VIN002,Vehicle/Trigger/StartOfJourney,locationLatitude,48.872,,2026-02-13 19:00:00+00:00,2026-02-13 19:00:01+00:00,electric,bev,fixture
127,VIN002,Vehicle/Trigger/StartOfJourney,locationLongitude,2.256,,2026-02-13 19:00:00+00:00,2026-02-13 19:00:01+00:00,electric,bev,fixture
134,VIN002,UCD/Sent/Trigger/Trg_periodic_5_seconds,lastKnownLocationAltitude,,"[70.0, 70.4, 70.8, 71.2, 71.6, 72.0]",2026-02-13 19:12:00+00:00,2026-02-13 19:12:01+00:00,electric,bev,fixture
132,VIN002,UCD/Sent/Trigger/Trg_periodic_5_seconds,locationLatitude,,"[48.872, 48.8748, 48.8776, 48.8804, 48.8832, 48.886]",2026-02-13 19:12:00+00:00,2026-02-13 19:12:01+00:00,electric,bev,fixture
133,VIN002,UCD/Sent/Trigger/Trg_periodic_5_seconds,locationLongitude,,"[2.256, 2.2576, 2.2592, 2.2608, 2.2624, 2.264]",2026-02-13 19:12:00+00:00,2026-02-13 19:12:01+00:00,electric,bev,fixture
131,VIN002,Vehicle/Trigger/EndOfJourney,lastKnownLocationAltitude,72.0,,2026-02-13 19:12:00+00:00,2026-02-13 19:12:01+00:00,electric,bev,fixture
129,VIN002,Vehicle/Trigger/EndOfJourney,locationLatitude,48.886,,2026-02-13 19:12:00+00:00,2026-02-13 19:12:01+00:00,electric,bev,fixture
130,VIN002,Vehicle/Trigger/EndOfJourney,locationLongitude,2.264,,2026-02-13 19:12:00+00:00,2026-02-13 19:12:01+00:00,electric,bev,fixture
137,VIN003,Vehicle/Trigger/StartOfJourney,lastKnownLocationAltitude,70.0,,2026-02-13 07:00:00+00:00,2026-02-13 07:00:01+00:00,electric,bev,fixture
135,VIN003,Vehicle/Trigger/StartOfJourney,locationLatitude,48.89,,2026-02-13 07:00:00+00:00,2026-02-13 07:00:01+00:00,electric,bev,fixture
136,VIN003,Vehicle/Trigger/StartOfJourney,locationLongitude,2.26,,2026-02-13 07:00:00+00:00,2026-02-13 07:00:01+00:00,electric,bev,fixture
143,VIN003,UCD/Sent/Trigger/Trg_periodic_5_seconds,lastKnownLocationAltitude,,"[70.0, 70.5, 71.0, 71.5, 72.0]",2026-02-13 07:08:00+00:00,2026-02-13 07:08:01+00:00,electric,bev,fixture
141,VIN003,UCD/Sent/Trigger/Trg_periodic_5_seconds,locationLatitude,,"[48.89, 48.8925, 48.895, 48.8975, 48.9]",2026-02-13 07:08:00+00:00,2026-02-13 07:08:01+00:00,electric,bev,fixture
142,VIN003,UCD/Sent/Trigger/Trg_periodic_5_seconds,locationLongitude,,"[2.26, 2.262, 2.264, 2.266, 2.268]",2026-02-13 07:08:00+00:00,2026-02-13 07:08:01+00:00,electric,bev,fixture
140,VIN003,Vehicle/Trigger/EndOfJourney,lastKnownLocationAltitude,72.0,,2026-02-13 07:08:00+00:00,2026-02-13 07:08:01+00:00,electric,bev,fixture
138,VIN003,Vehicle/Trigger/EndOfJourney,locationLatitude,48.9,,2026-02-13 07:08:00+00:00,2026-02-13 07:08:01+00:00,electric,bev,fixture
139,VIN003,Vehicle/Trigger/EndOfJourney,locationLongitude,2.268,,2026-02-13 07:08:00+00:00,2026-02-13 07:08:01+00:00,electric,bev,fixture
146,VIN003,Vehicle/Trigger/StartOfJourney,lastKnownLocationAltitude,70.0,,2026-02-13 10:00:00+00:00,2026-02-13 10:00:01+00:00,electric,bev,fixture
144,VIN003,Vehicle/Trigger/StartOfJourney,locationLatitude,48.893,,2026-02-13 10:00:00+00:00,2026-02-13 10:00:01+00:00,electric,bev,fixture
145,VIN003,Vehicle/Trigger/StartOfJourney,locationLongitude,2.264,,2026-02-13 10:00:00+00:00,2026-02-13 10:00:01+00:00,electric,bev,fixture
152,VIN003,UCD/Sent/Trigger/Trg_periodic_5_seconds,lastKnownLocationAltitude,,"[70.0, 70.4, 70.8, 71.2, 71.6, 72.0]",2026-02-13 10:09:00+00:00,2026-02-13 10:09:01+00:00,electric,bev,fixture
150,VIN003,UCD/Sent/Trigger/Trg_periodic_5_seconds,locationLatitude,,"[48.893, 48.8958, 48.8986, 48.9014, 48.9042, 48.907]",2026-02-13 10:09:00+00:00,2026-02-13 10:09:01+00:00,electric,bev,fixture
151,VIN003,UCD/Sent/Trigger/Trg_periodic_5_seconds,locationLongitude,,"[2.264, 2.2662, 2.2684, 2.2706, 2.2728, 2.275]",2026-02-13 10:09:00+00:00,2026-02-13 10:09:01+00:00,electric,bev,fixture
149,VIN003,Vehicle/Trigger/EndOfJourney,lastKnownLocationAltitude,72.0,,2026-02-13 10:09:00+00:00,2026-02-13 10:09:01+00:00,electric,bev,fixture
147,VIN003,Vehicle/Trigger/EndOfJourney,locationLatitude,48.907,,2026-02-13 10:09:00+00:00,2026-02-13 10:09:01+00:00,electric,bev,fixture
148,VIN003,Vehicle/Trigger/EndOfJourney,locationLongitude,2.275,,2026-02-13 10:09:00+00:00,2026-02-13 10:09:01+00:00,electric,bev,fixture
155,VIN003,Vehicle/Trigger/StartOfJourney,lastKnownLocationAltitude,70.0,,2026-02-13 13:00:00+00:00,2026-02-13 13:00:01+00:00,electric,bev,fixture
153,VIN003,Vehicle/Trigger/StartOfJourney,locationLatitude,48.896,,2026-02-13 13:00:00+00:00,2026-02-13 13:00:01+00:00,electric,bev,fixture
154,VIN003,Vehicle/Trigger/StartOfJourney,locationLongitude,2.268,,2026-02-13 13:00:00+00:00,2026-02-13 13:00:01+00:00,electric,bev,fixture
161,VIN003,UCD/Sent/Trigger/Trg_periodic_5_seconds,lastKnownLocationAltitude,,"[70.0, 70.3, 70.7, 71.0, 71.3, 71.7, 72.0]",2026-02-13 13:10:00+00:00,2026-02-13 13:10:01+00:00,electric,bev,fixture
159,VIN003,UCD/Sent/Trigger/Trg_periodic_5_seconds,locationLatitude,,"[48.896, 48.899, 48.902, 48.905, 48.908, 48.911, 48.914]",2026-02-13 13:10:00+00:00,2026-02-13 13:10:01+00:00,electric,bev,fixture
160,VIN003,UCD/Sent/Trigger/Trg_periodic_5_seconds,locationLongitude,,"[2.268, 2.2703333, 2.2726667, 2.275, 2.2773333, 2.2796667, 2.282]",2026-02-13 13:10:00+00:00,2026-02-13 13:10:01+00:00,electric,bev,fixture
158,VIN003,Vehicle/Trigger/EndOfJourney,lastKnownLocationAltitude,72.0,,2026-02-13 13:10:00+00:00,2026-02-13 13:10:01+00:00,electric,bev,fixture
156,VIN003,Vehicle/Trigger/EndOfJourney,locationLatitude,48.914,,2026-02-13 13:10:00+00:00,2026-02-13 13:10:01+00:00,electric,bev,fixture
157,VIN003,Vehicle/Trigger/EndOfJourney,locationLongitude,2.282,,2026-02-13 13:10:00+00:00,2026-02-13 13:10:01+00:00,electric,bev,fixture
164,VIN003,Vehicle/Trigger/StartOfJourney,lastKnownLocationAltitude,70.0,,2026-02-13 16:00:00+00:00,2026-02-13 16:00:01+00:00,electric,bev,fixture
162,VIN003,Vehicle/Trigger/StartOfJourney,locationLatitude,48.899,,2026-02-13 16:00:00+00:00,2026-02-13 16:00:01+00:00,electric,bev,fixture
163,VIN003,Vehicle/Trigger/StartOfJourney,locationLongitude,2.272,,2026-02-13 16:00:00+00:00,2026-02-13 16:00:01+00:00,electric,bev,fixture
170,VIN003,UCD/Sent/Trigger/Trg_periodic_5_seconds,lastKnownLocationAltitude,,"[70.0, 70.5, 71.0, 71.5, 72.0]",2026-02-13 16:11:00+00:00,2026-02-13 16:11:01+00:00,electric,bev,fixture
168,VIN003,UCD/Sent/Trigger/Trg_periodic_5_seconds,locationLatitude,,"[48.899, 48.9015, 48.904, 48.9065, 48.909]",2026-02-13 16:11:00+00:00,2026-02-13 16:11:01+00:00,electric,bev,fixture
169,VIN003,UCD/Sent/Trigger/Trg_periodic_5_seconds,locationLongitude,,"[2.272, 2.27625, 2.2805, 2.28475, 2.289]",2026-02-13 16:11:00+00:00,2026-02-13 16:11:01+00:00,electric,bev,fixture
167,VIN003,Vehicle/Trigger/EndOfJourney,lastKnownLocationAltitude,72.0,,2026-02-13 16:11:00+00:00,2026-02-13 16:11:01+00:00,electric,bev,fixture
165,VIN003,Vehicle/Trigger/EndOfJourney,locationLatitude,48.909,,2026-02-13 16:11:00+00:00,2026-02-13 16:11:01+00:00,electric,bev,fixture
166,VIN003,Vehicle/Trigger/EndOfJourney,locationLongitude,2.289,,2026-02-13 16:11:00+00:00,2026-02-13 16:11:01+00:00,electric,bev,fixture
173,VIN003,Vehicle/Trigger/StartOfJourney,lastKnownLocationAltitude,70.0,,2026-02-13 19:00:00+00:00,2026-02-13 19:00:01+00:00,electric,bev,fixture
171,VIN003,Vehicle/Trigger/StartOfJourney,locationLatitude,48.902,,2026-02-13 19:00:00+00:00,2026-02-13 19:00:01+00:00,electric,bev,fixture
172,VIN003,Vehicle/Trigger/StartOfJourney,locationLongitude,2.276,,2026-02-13 19:00:00+00:00,2026-02-13 19:00:01+00:00,electric,bev,fixture
179,VIN003,UCD/Sent/Trigger/Trg_periodic_5_seconds,lastKnownLocationAltitude,,"[70.0, 70.4, 70.8, 71.2, 71.6, 72.0]",2026-02-13 19:12:00+00:00,2026-02-13 19:12:01+00:00,electric,bev,fixture
177,VIN003,UCD/Sent/Trigger/Trg_periodic_5_seconds,locationLatitude,,"[48.902, 48.9048, 48.9076, 48.9104, 48.9132, 48.916]",2026-02-13 19:12:00+00:00,2026-02-13 19:12:01+00:00,electric,bev,fixture
178,VIN003,UCD/Sent/Trigger/Trg_periodic_5_seconds,locationLongitude,,"[2.276, 2.2776, 2.2792, 2.2808, 2.2824, 2.284]",2026-02-13 19:12:00+00:00,2026-02-13 19:12:01+00:00,electric,bev,fixture
176,VIN003,Vehicle/Trigger/EndOfJourney,lastKnownLocationAltitude,72.0,,2026-02-13 19:12:00+00:00,2026-02-13 19:12:01+00:00,electric,bev,fixture
174,VIN003,Vehicle/Trigger/EndOfJourney,locationLatitude,48.916,,2026-02-13 19:12:00+00:00,2026-02-13 19:12:01+00:00,electric,bev,fixture
175,VIN003,Vehicle/Trigger/EndOfJourney,locationLongitude,2.284,,2026-02-13 19:12:00+00:00,2026-02-13 19:12:01+00:00,electric,bev,fixture
182,VIN004,Vehicle/Trigger/StartOfJourney,lastKnownLocationAltitude,70.0,,2026-02-13 07:00:00+00:00,2026-02-13 07:00:01+00:00,electric,bev,fixture
180,VIN004,Vehicle/Trigger/StartOfJourney,locationLatitude,48.92,,2026-02-13 07:00:00+00:00,2026-02-13 07:00:01+00:00,electric,bev,fixture
181,VIN004,Vehicle/Trigger/StartOfJourney,locationLongitude,2.28,,2026-02-13 07:00:00+00:00,2026-02-13 07:00:01+00:00,electric,bev,fixture
188,VIN004,UCD/Sent/Trigger/Trg_periodic_5_seconds,lastKnownLocationAltitude,,"[70.0, 70.5, 71.0, 71.5, 72.0]",2026-02-13 07:08:00+00:00,2026-02-13 07:08:01+00:00,electric,bev,fixture
186,VIN004,UCD/Sent/Trigger/Trg_periodic_5_seconds,locationLatitude,,"[48.92, 48.9225, 48.925, 48.9275, 48.93]",2026-02-13 07:08:00+00:00,2026-02-13 07:08:01+00:00,electric,bev,fixture
187,VIN004,UCD/Sent/Trigger/Trg_periodic_5_seconds,locationLongitude,,"[2.28, 2.282, 2.284, 2.286, 2.288]",2026-02-13 07:08:00+00:00,2026-02-13 07:08:01+00:00,electric,bev,fixture
185,VIN004,Vehicle/Trigger/EndOfJourney,lastKnownLocationAltitude,72.0,,2026-02-13 07:08:00+00:00,2026-02-13 07:08:01+00:00,electric,bev,fixture
183,VIN004,Vehicle/Trigger/EndOfJourney,locationLatitude,48.93,,2026-02-13 07:08:00+00:00,2026-02-13 07:08:01+00:00,electric,bev,fixture
184,VIN004,Vehicle/Trigger/EndOfJourney,locationLongitude,2.288,,2026-02-13 07:08:00+00:00,2026-02-13 07:08:01+00:00,electric,bev,fixture
191,VIN004,Vehicle/Trigger/StartOfJourney,lastKnownLocationAltitude,70.0,,2026-02-13 10:00:00+00:00,2026-02-13 10:00:01+00:00,electric,bev,fixture
189,VIN004,Vehicle/Trigger/StartOfJourney,locationLatitude,48.923,,2026-02-13 10:00:00+00:00,2026-02-13 10:00:01+00:00,electric,bev,fixture
190,VIN004,Vehicle/Trigger/StartOfJourney,locationLongitude,2.284,,2026-02-13 10:00:00+00:00,2026-02-13 10:00:01+00:00,electric,bev,fixture
197,VIN004,UCD/Sent/Trigger/Trg_periodic_5_seconds,lastKnownLocationAltitude,,"[70.0, 70.4, 70.8, 71.2, 71.6, 72.0]",2026-02-13 10:09:00+00:00,2026-02-13 10:09:01+00:00,electric,bev,fixture
195,VIN004,UCD/Sent/Trigger/Trg_periodic_5_seconds,locationLatitude,,"[48.923, 48.9258, 48.9286, 48.9314, 48.9342, 48.937]",2026-02-13 10:09:00+00:00,2026-02-13 10:09:01+00:00,electric,bev,fixture
196,VIN004,UCD/Sent/Trigger/Trg_periodic_5_seconds,locationLongitude,,"[2.284, 2.2862, 2.2884, 2.2906, 2.2928, 2.295]",2026-02-13 10:09:00+00:00,2026-02-13 10:09:01+00:00,electric,bev,fixture
194,VIN004,Vehicle/Trigger/EndOfJourney,lastKnownLocationAltitude,72.0,,2026-02-13 10:09:00+00:00,2026-02-13 10:09:01+00:00,electric,bev,fixture
192,VIN004,Vehicle/Trigger/EndOfJourney,locationLatitude,48.937,,2026-02-13 10:09:00+00:00,2026-02-13 10:09:01+00:00,electric,bev,fixture
193,VIN004,Vehicle/Trigger/EndOfJourney,locationLongitude,2.295,,2026-02-13 10:09:00+00:00,2026-02-13 10:09:01+00:00,electric,bev,fixture
200,VIN004,Vehicle/Trigger/StartOfJourney,lastKnownLocationAltitude,70.0,,2026-02-13 13:00:00+00:00,2026-02-13 13:00:01+00:00,electric,bev,fixture
198,VIN004,Vehicle/Trigger/StartOfJourney,locationLatitude,48.926,,2026-02-13 13:00:00+00:00,2026-02-13 13:00:01+00:00,electric,bev,fixture
199,VIN004,Vehicle/Trigger/StartOfJourney,locationLongitude,2.288,,2026-02-13 13:00:00+00:00,2026-02-13 13:00:01+00:00,electric,bev,fixture
206,VIN004,UCD/Sent/Trigger/Trg_periodic_5_seconds,lastKnownLocationAltitude,,"[70.0, 70.3, 70.7, 71.0, 71.3, 71.7, 72.0]",2026-02-13 13:10:00+00:00,2026-02-13 13:10:01+00:00,electric,bev,fixture
204,VIN004,UCD/Sent/Trigger/Trg_periodic_5_seconds,locationLatitude,,"[48.926, 48.929, 48.932, 48.935, 48.938, 48.941, 48.944]",2026-02-13 13:10:00+00:00,2026-02-13 13:10:01+00:00,electric,bev,fixture
205,VIN004,UCD/Sent/Trigger/Trg_periodic_5_seconds,locationLongitude,,"[2.288, 2.2903333, 2.2926667, 2.295, 2.2973333, 2.2996667, 2.302]",2026-02-13 13:10:00+00:00,2026-02-13 13:10:01+00:00,electric,bev,fixture
203,VIN004,Vehicle/Trigger/EndOfJourney,lastKnownLocationAltitude,72.0,,2026-02-13 13:10:00+00:00,2026-02-13 13:10:01+00:00,electric,bev,fixture
201,VIN004,Vehicle/Trigger/EndOfJourney,locationLatitude,48.944,,2026-02-13 13:10:00+00:00,2026-02-13 13:10:01+00:00,electric,bev,fixture
202,VIN004,Vehicle/Trigger/EndOfJourney,locationLongitude,2.302,,2026-02-13 13:10:00+00:00,2026-02-13 13:10:01+00:00,electric,bev,fixture
209,VIN004,Vehicle/Trigger/StartOfJourney,lastKnownLocationAltitude,70.0,,2026-02-13 16:00:00+00:00,2026-02-13 16:00:01+00:00,electric,bev,fixture
207,VIN004,Vehicle/Trigger/StartOfJourney,locationLatitude,48.929,,2026-02-13 16:00:00+00:00,2026-02-13 16:00:01+00:00,electric,bev,fixture
208,VIN004,Vehicle/Trigger/StartOfJourney,locationLongitude,2.292,,2026-02-13 16:00:00+00:00,2026-02-13 16:00:01+00:00,electric,bev,fixture
215,VIN004,UCD/Sent/Trigger/Trg_periodic_5_seconds,lastKnownLocationAltitude,,"[70.0, 70.5, 71.0, 71.5, 72.0]",2026-02-13 16:11:00+00:00,2026-02-13 16:11:01+00:00,electric,bev,fixture
213,VIN004,UCD/Sent/Trigger/Trg_periodic_5_seconds,locationLatitude,,"[48.929, 48.9315, 48.934, 48.9365, 48.939]",2026-02-13 16:11:00+00:00,2026-02-13 16:11:01+00:00,electric,bev,fixture
214,VIN004,UCD/Sent/Trigger/Trg_periodic_5_seconds,locationLongitude,,"[2.292, 2.29625, 2.3005, 2.30475, 2.309]",2026-02-13 16:11:00+00:00,2026-02-13 16:11:01+00:00,electric,bev,fixture
212,VIN004,Vehicle/Trigger/EndOfJourney,lastKnownLocationAltitude,72.0,,2026-02-13 16:11:00+00:00,2026-02-13 16:11:01+00:00,electric,bev,fixture
210,VIN004,Vehicle/Trigger/EndOfJourney,locationLatitude,48.939,,2026-02-13 16:11:00+00:00,2026-02-13 16:11:01+00:00,electric,bev,fixture
211,VIN004,Vehicle/Trigger/EndOfJourney,locationLongitude,2.309,,2026-02-13 16:11:00+00:00,2026-02-13 16:11:01+00:00,electric,bev,fixture
218,VIN004,Vehicle/Trigger/StartOfJourney,lastKnownLocationAltitude,70.0,,2026-02-13 19:00:00+00:00,2026-02-13 19:00:01+00:00,electric,bev,fixture
216,VIN004,Vehicle/Trigger/StartOfJourney,locationLatitude,48.932,,2026-02-13 19:00:00+00:00,2026-02-13 19:00:01+00:00,electric,bev,fixture
217,VIN004,Vehicle/Trigger/StartOfJourney,locationLongitude,2.296,,2026-02-13 19:00:00+00:00,2026-02-13 19:00:01+00:00,electric,bev,fixture
224,VIN004,UCD/Sent/Trigger/Trg_periodic_5_seconds,lastKnownLocationAltitude,,"[70.0, 70.4, 70.8, 71.2, 71.6, 72.0]",2026-02-13 19:12:00+00:00,2026-02-13 19:12:01+00:00,electric,bev,fixture
222,VIN004,UCD/Sent/Trigger/Trg_periodic_5_seconds,locationLatitude,,"[48.932, 48.9348, 48.9376, 48.9404, 48.9432, 48.946]",2026-02-13 19:12:00+00:00,2026-02-13 19:12:01+00:00,electric,bev,fixture
223,VIN004,UCD/Sent/Trigger/Trg_periodic_5_seconds,locationLongitude,,"[2.296, 2.2976, 2.2992, 2.3008, 2.3024, 2.304]",2026-02-13 19:12:00+00:00,2026-02-13 19:12:01+00:00,electric,bev,fixture
221,VIN004,Vehicle/Trigger/EndOfJourney,lastKnownLocationAltitude,72.0,,2026-02-13 19:12:00+00:00,2026-02-13 19:12:01+00:00,electric,bev,fixture
219,VIN004,Vehicle/Trigger/EndOfJourney,locationLatitude,48.946,,2026-02-13 19:12:00+00:00,2026-02-13 19:12:01+00:00,electric,bev,fixture
220,VIN004,Vehicle/Trigger/EndOfJourney,locationLongitude,2.304,,2026-02-13 19:12:00+00:00,2026-02-13 19:12:01+00:00,electric,bev,fixture
227,VIN005,Vehicle/Trigger/StartOfJourney,lastKnownLocationAltitude,70.0,,2026-02-13 07:00:00+00:00,2026-02-13 07:00:01+00:00,electric,bev,fixture
225,VIN005,Vehicle/Trigger/StartOfJourney,locationLatitude,48.95,,2026-02-13 07:00:00+00:00,2026-02-13 07:00:01+00:00,electric,bev,fixture
226,VIN005,Vehicle/Trigger/StartOfJourney,locationLongitude,2.3,,2026-02-13 07:00:00+00:00,2026-02-13 07:00:01+00:00,electric,bev,fixture
233,VIN005,UCD/Sent/Trigger/Trg_periodic_5_seconds,lastKnownLocationAltitude,,"[70.0, 70.5, 71.0, 71.5, 72.0]",2026-02-13 07:08:00+00:00,2026-02-13 07:08:01+00:00,electric,bev,fixture
231,VIN005,UCD/Sent/Trigger/Trg_periodic_5_seconds,locationLatitude,,"[48.95, 48.9525, 48.955, 48.9575, 48.96]",2026-02-13 07:08:00+00:00,2026-02-13 07:08:01+00:00,electric,bev,fixture
232,VIN005,UCD/Sent/Trigger/Trg_periodic_5_seconds,locationLongitude,,"[2.3, 2.302, 2.304, 2.306, 2.308]",2026-02-13 07:08:00+00:00,2026-02-13 07:08:01+00:00,electric,bev,fixture
230,VIN005,Vehicle/Trigger/EndOfJourney,lastKnownLocationAltitude,72.0,,2026-02-13 07:08:00+00:00,2026-02-13 07:08:01+00:00,electric,bev,fixture
228,VIN005,Vehicle/Trigger/EndOfJourney,locationLatitude,48.96,,2026-02-13 07:08:00+00:00,2026-02-13 07:08:01+00:00,electric,bev,fixture
229,VIN005,Vehicle/Trigger/EndOfJourney,locationLongitude,2.308,,2026-02-13 07:08:00+00:00,2026-02-13 07:08:01+00:00,electric,bev,fixture
236,VIN005,Vehicle/Trigger/StartOfJourney,lastKnownLocationAltitude,70.0,,2026-02-13 10:00:00+00:00,2026-02-13 10:00:01+00:00,electric,bev,fixture
234,VIN005,Vehicle/Trigger/StartOfJourney,locationLatitude,48.953,,2026-02-13 10:00:00+00:00,2026-02-13 10:00:01+00:00,electric,bev,fixture
235,VIN005,Vehicle/Trigger/StartOfJourney,locationLongitude,2.304,,2026-02-13 10:00:00+00:00,2026-02-13 10:00:01+00:00,electric,bev,fixture
242,VIN005,UCD/Sent/Trigger/Trg_periodic_5_seconds,lastKnownLocationAltitude,,"[70.0, 70.4, 70.8, 71.2, 71.6, 72.0]",2026-02-13 10:09:00+00:00,2026-02-13 10:09:01+00:00,electric,bev,fixture
240,VIN005,UCD/Sent/Trigger/Trg_periodic_5_seconds,locationLatitude,,"[48.953, 48.9558, 48.9586, 48.9614, 48.9642, 48.967]",2026-02-13 10:09:00+00:00,2026-02-13 10:09:01+00:00,electric,bev,fixture
241,VIN005,UCD/Sent/Trigger/Trg_periodic_5_seconds,locationLongitude,,"[2.304, 2.3062, 2.3084, 2.3106, 2.3128, 2.315]",2026-02-13 10:09:00+00:00,2026-02-13 10:09:01+00:00,electric,bev,fixture
239,VIN005,Vehicle/Trigger/EndOfJourney,lastKnownLocationAltitude,72.0,,2026-02-13 10:09:00+00:00,2026-02-13 10:09:01+00:00,electric,bev,fixture
237,VIN005,Vehicle/Trigger/EndOfJourney,locationLatitude,48.967,,2026-02-13 10:09:00+00:00,2026-02-13 10:09:01+00:00,electric,bev,fixture
238,VIN005,Vehicle/Trigger/EndOfJourney,locationLongitude,2.315,,2026-02-13 10:09:00+00:00,2026-02-13 10:09:01+00:00,electric,bev,fixture
245,VIN005,Vehicle/Trigger/StartOfJourney,lastKnownLocationAltitude,70.0,,2026-02-13 13:00:00+00:00,2026-02-13 13:00:01+00:00,electric,bev,fixture
243,VIN005,Vehicle/Trigger/StartOfJourney,locationLatitude,48.956,,2026-02-13 13:00:00+00:00,2026-02-13 13:00:01+00:00,electric,bev,fixture
244,VIN005,Vehicle/Trigger/StartOfJourney,locationLongitude,2.308,,2026-02-13 13:00:00+00:00,2026-02-13 13:00:01+00:00,electric,bev,fixture
251,VIN005,UCD/Sent/Trigger/Trg_periodic_5_seconds,lastKnownLocationAltitude,,"[70.0, 70.3, 70.7, 71.0, 71.3, 71.7, 72.0]",2026-02-13 13:10:00+00:00,2026-02-13 13:10:01+00:00,electric,bev,fixture
249,VIN005,UCD/Sent/Trigger/Trg_periodic_5_seconds,locationLatitude,,"[48.956, 48.959, 48.962, 48.965, 48.968, 48.971, 48.974]",2026-02-13 13:10:00+00:00,2026-02-13 13:10:01+00:00,electric,bev,fixture
250,VIN005,UCD/Sent/Trigger/Trg_periodic_5_seconds,locationLongitude,,"[2.308, 2.3103333, 2.3126667, 2.315, 2.3173333, 2.3196667, 2.322]",2026-02-13 13:10:00+00:00,2026-02-13 13:10:01+00:00,electric,bev,fixture
248,VIN005,Vehicle/Trigger/EndOfJourney,lastKnownLocationAltitude,72.0,,2026-02-13 13:10:00+00:00,2026-02-13 13:10:01+00:00,electric,bev,fixture
246,VIN005,Vehicle/Trigger/EndOfJourney,locationLatitude,48.974,,2026-02-13 13:10:00+00:00,2026-02-13 13:10:01+00:00,electric,bev,fixture
247,VIN005,Vehicle/Trigger/EndOfJourney,locationLongitude,2.322,,2026-02-13 13:10:00+00:00,2026-02-13 13:10:01+00:00,electric,bev,fixture
254,VIN005,Vehicle/Trigger/StartOfJourney,lastKnownLocationAltitude,70.0,,2026-02-13 16:00:00+00:00,2026-02-13 16:00:01+00:00,electric,bev,fixture
252,VIN005,Vehicle/Trigger/StartOfJourney,locationLatitude,48.959,,2026-02-13 16:00:00+00:00,2026-02-13 16:00:01+00:00,electric,bev,fixture
253,VIN005,Vehicle/Trigger/StartOfJourney,locationLongitude,2.312,,2026-02-13 16:00:00+00:00,2026-02-13 16:00:01+00:00,electric,bev,fixture
260,VIN005,UCD/Sent/Trigger/Trg_periodic_5_seconds,lastKnownLocationAltitude,,"[70.0, 70.5, 71.0, 71.5, 72.0]",2026-02-13 16:11:00+00:00,2026-02-13 16:11:01+00:00,electric,bev,fixture
258,VIN005,UCD/Sent/Trigger/Trg_periodic_5_seconds,locationLatitude,,"[48.959, 48.9615, 48.964, 48.9665, 48.969]",2026-02-13 16:11:00+00:00,2026-02-13 16:11:01+00:00,electric,bev,fixture
259,VIN005,UCD/Sent/Trigger/Trg_periodic_5_seconds,locationLongitude,,"[2.312, 2.31625, 2.3205, 2.32475, 2.329]",2026-02-13 16:11:00+00:00,2026-02-13 16:11:01+00:00,electric,bev,fixture
257,VIN005,Vehicle/Trigger/EndOfJourney,lastKnownLocationAltitude,72.0,,2026-02-13 16:11:00+00:00,2026-02-13 16:11:01+00:00,electric,bev,fixture
255,VIN005,Vehicle/Trigger/EndOfJourney,locationLatitude,48.969,,2026-02-13 16:11:00+00:00,2026-02-13 16:11:01+00:00,electric,bev,fixture
256,VIN005,Vehicle/Trigger/EndOfJourney,locationLongitude,2.329,,2026-02-13 16:11:00+00:00,2026-02-13 16:11:01+00:00,electric,bev,fixture
263,VIN005,Vehicle/Trigger/StartOfJourney,lastKnownLocationAltitude,70.0,,2026-02-13 19:00:00+00:00,2026-02-13 19:00:01+00:00,electric,bev,fixture
261,VIN005,Vehicle/Trigger/StartOfJourney,locationLatitude,48.962,,2026-02-13 19:00:00+00:00,2026-02-13 19:00:01+00:00,electric,bev,fixture
262,VIN005,Vehicle/Trigger/StartOfJourney,locationLongitude,2.316,,2026-02-13 19:00:00+00:00,2026-02-13 19:00:01+00:00,electric,bev,fixture
269,VIN005,UCD/Sent/Trigger/Trg_periodic_5_seconds,lastKnownLocationAltitude,,"[70.0, 70.4, 70.8, 71.2, 71.6, 72.0]",2026-02-13 19:12:00+00:00,2026-02-13 19:12:01+00:00,electric,bev,fixture
267,VIN005,UCD/Sent/Trigger/Trg_periodic_5_seconds,locationLatitude,,"[48.962, 48.9648, 48.9676, 48.9704, 48.9732, 48.976]",2026-02-13 19:12:00+00:00,2026-02-13 19:12:01+00:00,electric,bev,fixture
268,VIN005,UCD/Sent/Trigger/Trg_periodic_5_seconds,locationLongitude,,"[2.316, 2.3176, 2.3192, 2.3208, 2.3224, 2.324]",2026-02-13 19:12:00+00:00,2026-02-13 19:12:01+00:00,electric,bev,fixture
266,VIN005,Vehicle/Trigger/EndOfJourney,lastKnownLocationAltitude,72.0,,2026-02-13 19:12:00+00:00,2026-02-13 19:12:01+00:00,electric,bev,fixture
264,VIN005,Vehicle/Trigger/EndOfJourney,locationLatitude,48.976,,2026-02-13 19:12:00+00:00,2026-02-13 19:12:01+00:00,electric,bev,fixture
265,VIN005,Vehicle/Trigger/EndOfJourney,locationLongitude,2.324,,2026-02-13 19:12:00+00:00,2026-02-13 19:12:01+00:00,electric,bev,fixture
272,VIN006,Vehicle/Trigger/StartOfJourney,lastKnownLocationAltitude,70.0,,2026-02-13 07:00:00+00:00,2026-02-13 07:00:01+00:00,electric,bev,fixture
270,VIN006,Vehicle/Trigger/StartOfJourney,locationLatitude,48.98,,2026-02-13 07:00:00+00:00,2026-02-13 07:00:01+00:00,electric,bev,fixture
271,VIN006,Vehicle/Trigger/StartOfJourney,locationLongitude,2.32,,2026-02-13 07:00:00+00:00,2026-02-13 07:00:01+00:00,electric,bev,fixture
278,VIN006,UCD/Sent/Trigger/Trg_periodic_5_seconds,lastKnownLocationAltitude,,"[70.0, 70.5, 71.0, 71.5, 72.0]",2026-02-13 07:08:00+00:00,2026-02-13 07:08:01+00:00,electric,bev,fixture
276,VIN006,UCD/Sent/Trigger/Trg_periodic_5_seconds,locationLatitude,,"[48.98, 48.9825, 48.985, 48.9875, 48.99]",2026-02-13 07:08:00+00:00,2026-02-13 07:08:01+00:00,electric,bev,fixture
277,VIN006,UCD/Sent/Trigger/Trg_periodic_5_seconds,locationLongitude,,"[2.32, 2.322, 2.324, 2.326, 2.328]",2026-02-13 07:08:00+00:00,2026-02-13 07:08:01+00:00,electric,bev,fixture
275,VIN006,Vehicle/Trigger/EndOfJourney,lastKnownLocationAltitude,72.0,,2026-02-13 07:08:00+00:00,2026-02-13 07:08:01+00:00,electric,bev,fixture
273,VIN006,Vehicle/Trigger/EndOfJourney,locationLatitude,48.99,,2026-02-13 07:08:00+00:00,2026-02-13 07:08:01+00:00,electric,bev,fixture
274,VIN006,Vehicle/Trigger/EndOfJourney,locationLongitude,2.328,,2026-02-13 07:08:00+00:00,2026-02-13 07:08:01+00:00,electric,bev,fixture
281,VIN006,Vehicle/Trigger/StartOfJourney,lastKnownLocationAltitude,70.0,,2026-02-13 10:00:00+00:00,2026-02-13 10:00:01+00:00,electric,bev,fixture
279,VIN006,Vehicle/Trigger/StartOfJourney,locationLatitude,48.983,,2026-02-13 10:00:00+00:00,2026-02-13 10:00:01+00:00,electric,bev,fixture
280,VIN006,Vehicle/Trigger/StartOfJourney,locationLongitude,2.324,,2026-02-13 10:00:00+00:00,2026-02-13 10:00:01+00:00,electric,bev,fixture
287,VIN006,UCD/Sent/Trigger/Trg_periodic_5_seconds,lastKnownLocationAltitude,,"[70.0, 70.4, 70.8, 71.2, 71.6, 72.0]",2026-02-13 10:09:00+00:00,2026-02-13 10:09:01+00:00,electric,bev,fixture
285,VIN006,UCD/Sent/Trigger/Trg_periodic_5_seconds,locationLatitude,,"[48.983, 48.9858, 48.9886, 48.9914, 48.9942, 48.997]",2026-02-13 10:09:00+00:00,2026-02-13 10:09:01+00:00,electric,bev,fixture
286,VIN006,UCD/Sent/Trigger/Trg_periodic_5_seconds,locationLongitude,,"[2.324, 2.3262, 2.3284, 2.3306, 2.3328, 2.335]",2026-02-13 10:09:00+00:00,2026-02-13 10:09:01+00:00,electric,bev,fixture
284,VIN006,Vehicle/Trigger/EndOfJourney,lastKnownLocationAltitude,72.0,,2026-02-13 10:09:00+00:00,2026-02-13 10:09:01+00:00,electric,bev,fixture
282,VIN006,Vehicle/Trigger/EndOfJourney,locationLatitude,48.997,,2026-02-13 10:09:00+00:00,2026-02-13 10:09:01+00:00,electric,bev,fixture
283,VIN006,Vehicle/Trigger/EndOfJourney,locationLongitude,2.335,,2026-02-13 10:09:00+00:00,2026-02-13 10:09:01+00:00,electric,bev,fixture
290,VIN006,Vehicle/Trigger/StartOfJourney,lastKnownLocationAltitude,70.0,,2026-02-13 13:00:00+00:00,2026-02-13 13:00:01+00:00,electric,bev,fixture
288,VIN006,Vehicle/Trigger/StartOfJourney,locationLatitude,48.986,,2026-02-13 13:00:00+00:00,2026-02-13 13:00:01+00:00,electric,bev,fixture
289,VIN006,Vehicle/Trigger/StartOfJourney,locationLongitude,2.328,,2026-02-13 13:00:00+00:00,2026-02-13 13:00:01+00:00,electric,bev,fixture
296,VIN006,UCD/Sent/Trigger/Trg_periodic_5_seconds,lastKnownLocationAltitude,,"[70.0, 70.3, 70.7, 71.0, 71.3, 71.7, 72.0]",2026-02-13 13:10:00+00:00,2026-02-13 13:10:01+00:00,electric,bev,fixture
294,VIN006,UCD/Sent/Trigger/Trg_periodic_5_seconds,locationLatitude,,"[48.986, 48.989, 48.992, 48.995, 48.998, 49.001, 49.004]",2026-02-13 13:10:00+00:00,2026-02-13 13:10:01+00:00,electric,bev,fixture
295,VIN006,UCD/Sent/Trigger/Trg_periodic_5_seconds,locationLongitude,,"[2.328, 2.3303333, 2.3326667, 2.335, 2.3373333, 2.3396667, 2.342]",2026-02-13 13:10:00+00:00,2026-02-13 13:10:01+00:00,electric,bev,fixture
293,VIN006,Vehicle/Trigger/EndOfJourney,lastKnownLocationAltitude,72.0,,2026-02-13 13:10:00+00:00,2026-02-13 13:10:01+00:00,electric,bev,fixture
291,VIN006,Vehicle/Trigger/EndOfJourney,locationLatitude,49.004,,2026-02-13 13:10:00+00:00,2026-02-13 13:10:01+00:00,electric,bev,fixture
292,VIN006,Vehicle/Trigger/EndOfJourney,locationLongitude,2.342,,2026-02-13 13:10:00+00:00,2026-02-13 13:10:01+00:00,electric,bev,fixture
299,VIN006,Vehicle/Trigger/StartOfJourney,lastKnownLocationAltitude,70.0,,2026-02-13 16:00:00+00:00,2026-02-13 16:00:01+00:00,electric,bev,fixture
297,VIN006,Vehicle/Trigger/StartOfJourney,locationLatitude,48.989,,2026-02-13 16:00:00+00:00,2026-02-13 16:00:01+00:00,electric,bev,fixture
298,VIN006,Vehicle/Trigger/StartOfJourney,locationLongitude,2.332,,2026-02-13 16:00:00+00:00,2026-02-13 16:00:01+00:00,electric,bev,fixture
305,VIN006,UCD/Sent/Trigger/Trg_periodic_5_seconds,lastKnownLocationAltitude,,"[70.0, 70.5, 71.0, 71.5, 72.0]",2026-02-13 16:11:00+00:00,2026-02-13 16:11:01+00:00,electric,bev,fixture
303,VIN006,UCD/Sent/Trigger/Trg_periodic_5_seconds,locationLatitude,,"[48.989, 48.9915, 48.994, 48.9965, 48.999]",2026-02-13 16:11:00+00:00,2026-02-13 16:11:01+00:00,electric,bev,fixture
304,VIN006,UCD/Sent/Trigger/Trg_periodic_5_seconds,locationLongitude,,"[2.332, 2.33625, 2.3405, 2.34475, 2.349]",2026-02-13 16:11:00+00:00,2026-02-13 16:11:01+00:00,electric,bev,fixture
302,VIN006,Vehicle/Trigger/EndOfJourney,lastKnownLocationAltitude,72.0,,2026-02-13 16:11:00+00:00,2026-02-13 16:11:01+00:00,electric,bev,fixture
300,VIN006,Vehicle/Trigger/EndOfJourney,locationLatitude,48.999,,2026-02-13 16:11:00+00:00,2026-02-13 16:11:01+00:00,electric,bev,fixture
301,VIN006,Vehicle/Trigger/EndOfJourney,locationLongitude,2.349,,2026-02-13 16:11:00+00:00,2026-02-13 16:11:01+00:00,electric,bev,fixture
308,VIN006,Vehicle/Trigger/StartOfJourney,lastKnownLocationAltitude,70.0,,2026-02-13 19:00:00+00:00,2026-02-13 19:00:01+00:00,electric,bev,fixture
306,VIN006,Vehicle/Trigger/StartOfJourney,locationLatitude,48.992,,2026-02-13 19:00:00+00:00,2026-02-13 19:00:01+00:00,electric,bev,fixture
307,VIN006,Vehicle/Trigger/StartOfJourney,locationLongitude,2.336,,2026-02-13 19:00:00+00:00,2026-02-13 19:00:01+00:00,electric,bev,fixture
314,VIN006,UCD/Sent/Trigger/Trg_periodic_5_seconds,lastKnownLocationAltitude,,"[70.0, 70.4, 70.8, 71.2, 71.6, 72.0]",2026-02-13 19:12:00+00:00,2026-02-13 19:12:01+00:00,electric,bev,fixture
312,VIN006,UCD/Sent/Trigger/Trg_periodic_5_seconds,locationLatitude,,"[48.992, 48.9948, 48.9976, 49.0004, 49.0032, 49.006]",2026-02-13 19:12:00+00:00,2026-02-13 19:12:01+00:00,electric,bev,fixture
313,VIN006,UCD/Sent/Trigger/Trg_periodic_5_seconds,locationLongitude,,"[2.336, 2.3376, 2.3392, 2.3408, 2.3424, 2.344]",2026-02-13 19:12:00+00:00,2026-02-13 19:12:01+00:00,electric,bev,fixture
311,VIN006,Vehicle/Trigger/EndOfJourney,lastKnownLocationAltitude,72.0,,2026-02-13 19:12:00+00:00,2026-02-13 19:12:01+00:00,electric,bev,fixture
309,VIN006,Vehicle/Trigger/EndOfJourney,locationLatitude,49.006,,2026-02-13 19:12:00+00:00,2026-02-13 19:12:01+00:00,electric,bev,fixture
310,VIN006,Vehicle/Trigger/EndOfJourney,locationLongitude,2.344,,2026-02-13 19:12:00+00:00,2026-02-13 19:12:01+00:00,electric,bev,fixture
317,VIN007,Vehicle/Trigger/StartOfJourney,lastKnownLocationAltitude,70.0,,2026-02-13 07:00:00+00:00,2026-02-13 07:00:01+00:00,electric,bev,fixture
315,VIN007,Vehicle/Trigger/StartOfJourney,locationLatitude,49.01,,2026-02-13 07:00:00+00:00,2026-02-13 07:00:01+00:00,electric,bev,fixture
316,VIN007,Vehicle/Trigger/StartOfJourney,locationLongitude,2.34,,2026-02-13 07:00:00+00:00,2026-02-13 07:00:01+00:00,electric,bev,fixture
323,VIN007,UCD/Sent/Trigger/Trg_periodic_5_seconds,lastKnownLocationAltitude,,"[70.0, 70.5, 71.0, 71.5, 72.0]",2026-02-13 07:08:00+00:00,2026-02-13 07:08:01+00:00,electric,bev,fixture
321,VIN007,UCD/Sent/Trigger/Trg_periodic_5_seconds,locationLatitude,,"[49.01, 49.0125, 49.015, 49.0175, 49.02]",2026-02-13 07:08:00+00:00,2026-02-13 07:08:01+00:00,electric,bev,fixture
322,VIN007,UCD/Sent/Trigger/Trg_periodic_5_seconds,locationLongitude,,"[2.34, 2.342, 2.344, 2.346, 2.348]",2026-02-13 07:08:00+00:00,2026-02-13 07:08:01+00:00,electric,bev,fixture
320,VIN007,Vehicle/Trigger/EndOfJourney,lastKnownLocationAltitude,72.0,,2026-02-13 07:08:00+00:00,2026-02-13 07:08:01+00:00,electric,bev,fixture
318,VIN007,Vehicle/Trigger/EndOfJourney,locationLatitude,49.02,,2026-02-13 07:08:00+00:00,2026-02-13 07:08:01+00:00,electric,bev,fixture
319,VIN007,Vehicle/Trigger/EndOfJourney,locationLongitude,2.348,,2026-02-13 07:08:00+00:00,2026-02-13 07:08:01+00:00,electric,bev,fixture
326,VIN007,Vehicle/Trigger/StartOfJourney,lastKnownLocationAltitude,70.0,,2026-02-13 10:00:00+00:00,2026-02-13 10:00:01+00:00,electric,bev,fixture
324,VIN007,Vehicle/Trigger/StartOfJourney,locationLatitude,49.013,,2026-02-13 10:00:00+00:00,2026-02-13 10:00:01+00:00,electric,bev,fixture
325,VIN007,Vehicle/Trigger/StartOfJourney,locationLongitude,2.344,,2026-02-13 10:00:00+00:00,2026-02-13 10:00:01+00:00,electric,bev,fixture
332,VIN007,UCD/Sent/Trigger/Trg_periodic_5_seconds,lastKnownLocationAltitude,,"[70.0, 70.4, 70.8, 71.2, 71.6, 72.0]",2026-02-13 10:09:00+00:00,2026-02-13 10:09:01+00:00,electric,bev,fixture
330,VIN007,UCD/Sent/Trigger/Trg_periodic_5_seconds,locationLatitude,,"[49.013, 49.0158, 49.0186, 49.0214, 49.0242, 49.027]",2026-02-13 10:09:00+00:00,2026-02-13 10:09:01+00:00,electric,bev,fixture
331,VIN007,UCD/Sent/Trigger/Trg_periodic_5_seconds,locationLongitude,,"[2.344, 2.3462, 2.3484, 2.3506, 2.3528, 2.355]",2026-02-13 10:09:00+00:00,2026-02-13 10:09:01+00:00,electric,bev,fixture
329,VIN007,Vehicle/Trigger/EndOfJourney,lastKnownLocationAltitude,72.0,,2026-02-13 10:09:00+00:00,2026-02-13 10:09:01+00:00,electric,bev,fixture
327,VIN007,Vehicle/Trigger/EndOfJourney,locationLatitude,49.027,,2026-02-13 10:09:00+00:00,2026-02-13 10:09:01+00:00,electric,bev,fixture
328,VIN007,Vehicle/Trigger/EndOfJourney,locationLongitude,2.355,,2026-02-13 10:09:00+00:00,2026-02-13 10:09:01+00:00,electric,bev,fixture
335,VIN007,Vehicle/Trigger/StartOfJourney,lastKnownLocationAltitude,70.0,,2026-02-13 13:00:00+00:00,2026-02-13 13:00:01+00:00,electric,bev,fixture
333,VIN007,Vehicle/Trigger/StartOfJourney,locationLatitude,49.016,,2026-02-13 13:00:00+00:00,2026-02-13 13:00:01+00:00,electric,bev,fixture
334,VIN007,Vehicle/Trigger/StartOfJourney,locationLongitude,2.348,,2026-02-13 13:00:00+00:00,2026-02-13 13:00:01+00:00,electric,bev,fixture
341,VIN007,UCD/Sent/Trigger/Trg_periodic_5_seconds,lastKnownLocationAltitude,,"[70.0, 70.3, 70.7, 71.0, 71.3, 71.7, 72.0]",2026-02-13 13:10:00+00:00,2026-02-13 13:10:01+00:00,electric,bev,fixture
339,VIN007,UCD/Sent/Trigger/Trg_periodic_5_seconds,locationLatitude,,"[49.016, 49.019, 49.022, 49.025, 49.028, 49.031, 49.034]",2026-02-13 13:10:00+00:00,2026-02-13 13:10:01+00:00,electric,bev,fixture
340,VIN007,UCD/Sent/Trigger/Trg_periodic_5_seconds,locationLongitude,,"[2.348, 2.3503333, 2.3526667, 2.355, 2.3573333, 2.3596667, 2.362]",2026-02-13 13:10:00+00:00,2026-02-13 13:10:01+00:00,electric,bev,fixture
338,VIN007,Vehicle/Trigger/EndOfJourney,lastKnownLocationAltitude,72.0,,2026-02-13 13:10:00+00:00,2026-02-13 13:10:01+00:00,electric,bev,fixture
336,VIN007,Vehicle/Trigger/EndOfJourney,locationLatitude,49.034,,2026-02-13 13:10:00+00:00,2026-02-13 13:10:01+00:00,electric,bev,fixture
337,VIN007,Vehicle/Trigger/EndOfJourney,locationLongitude,2.362,,2026-02-13 13:10:00+00:00,2026-02-13 13:10:01+00:00,electric,bev,fixture
344,VIN007,Vehicle/Trigger/StartOfJourney,lastKnownLocationAltitude,70.0,,2026-02-13 16:00:00+00:00,2026-02-13 16:00:01+00:00,electric,bev,fixture
342,VIN007,Vehicle/Trigger/StartOfJourney,locationLatitude,49.019,,2026-02-13 16:00:00+00:00,2026-02-13 16:00:01+00:00,electric,bev,fixture
343,VIN007,Vehicle/Trigger/StartOfJourney,locationLongitude,2.352,,2026-02-13 16:00:00+00:00,2026-02-13 16:00:01+00:00,electric,bev,fixture
350,VIN007,UCD/Sent/Trigger/Trg_periodic_5_seconds,lastKnownLocationAltitude,,"[70.0, 70.5, 71.0, 71.5, 72.0]",2026-02-13 16:11:00+00:00,2026-02-13 16:11:01+00:00,electric,bev,fixture
348,VIN007,UCD/Sent/Trigger/Trg_periodic_5_seconds,locationLatitude,,"[49.019, 49.0215, 49.024, 49.0265, 49.029]",2026-02-13 16:11:00+00:00,2026-02-13 16:11:01+00:00,electric,bev,fixture
349,VIN007,UCD/Sent/Trigger/Trg_periodic_5_seconds,locationLongitude,,"[2.352, 2.35625, 2.3605, 2.36475, 2.369]",2026-02-13 16:11:00+00:00,2026-02-13 16:11:01+00:00,electric,bev,fixture
347,VIN007,Vehicle/Trigger/EndOfJourney,lastKnownLocationAltitude,72.0,,2026-02-13 16:11:00+00:00,2026-02-13 16:11:01+00:00,electric,bev,fixture
345,VIN007,Vehicle/Trigger/EndOfJourney,locationLatitude,49.029,,2026-02-13 16:11:00+00:00,2026-02-13 16:11:01+00:00,electric,bev,fixture
346,VIN007,Vehicle/Trigger/EndOfJourney,locationLongitude,2.369,,2026-02-13 16:11:00+00:00,2026-02-13 16:11:01+00:00,electric,bev,fixture
353,VIN007,Vehicle/Trigger/StartOfJourney,lastKnownLocationAltitude,70.0,,2026-02-13 19:00:00+00:00,2026-02-13 19:00:01+00:00,electric,bev,fixture
351,VIN007,Vehicle/Trigger/StartOfJourney,locationLatitude,49.022,,2026-02-13 19:00:00+00:00,2026-02-13 19:00:01+00:00,electric,bev,fixture
352,VIN007,Vehicle/Trigger/StartOfJourney,locationLongitude,2.356,,2026-02-13 19:00:00+00:00,2026-02-13 19:00:01+00:00,electric,bev,fixture
359,VIN007,UCD/Sent/Trigger/Trg_periodic_5_seconds,lastKnownLocationAltitude,,"[70.0, 70.4, 70.8, 71.2, 71.6, 72.0]",2026-02-13 19:12:00+00:00,2026-02-13 19:12:01+00:00,electric,bev,fixture
357,VIN007,UCD/Sent/Trigger/Trg_periodic_5_seconds,locationLatitude,,"[49.022, 49.0248, 49.0276, 49.0304, 49.0332, 49.036]",2026-02-13 19:12:00+00:00,2026-02-13 19:12:01+00:00,electric,bev,fixture
358,VIN007,UCD/Sent/Trigger/Trg_periodic_5_seconds,locationLongitude,,"[2.356, 2.3576, 2.3592, 2.3608, 2.3624, 2.364]",2026-02-13 19:12:00+00:00,2026-02-13 19:12:01+00:00,electric,bev,fixture
356,VIN007,Vehicle/Trigger/EndOfJourney,lastKnownLocationAltitude,72.0,,2026-02-13 19:12:00+00:00,2026-02-13 19:12:01+00:00,electric,bev,fixture
354,VIN007,Vehicle/Trigger/EndOfJourney,locationLatitude,49.036,,2026-02-13 19:12:00+00:00,2026-02-13 19:12:01+00:00,electric,bev,fixture
355,VIN007,Vehicle/Trigger/EndOfJourney,locationLongitude,2.364,,2026-02-13 19:12:00+00:00,2026-02-13 19:12:01+00:00,electric,bev,fixture
362,VIN008,Vehicle/Trigger/StartOfJourney,lastKnownLocationAltitude,70.0,,2026-02-13 07:00:00+00:00,2026-02-13 07:00:01+00:00,electric,bev,fixture
360,VIN008,Vehicle/Trigger/StartOfJourney,locationLatitude,49.04,,2026-02-13 07:00:00+00:00,2026-02-13 07:00:01+00:00,electric,bev,fixture
361,VIN008,Vehicle/Trigger/StartOfJourney,locationLongitude,2.36,,2026-02-13 07:00:00+00:00,2026-02-13 07:00:01+00:00,electric,bev,fixture
368,VIN008,UCD/Sent/Trigger/Trg_periodic_5_seconds,lastKnownLocationAltitude,,"[70.0, 70.5, 71.0, 71.5, 72.0]",2026-02-13 07:08:00+00:00,2026-02-13 07:08:01+00:00,electric,bev,fixture
366,VIN008,UCD/Sent/Trigger/Trg_periodic_5_seconds,locationLatitude,,"[49.04, 49.0425, 49.045, 49.0475, 49.05]",2026-02-13 07:08:00+00:00,2026-02-13 07:08:01+00:00,electric,bev,fixture
367,VIN008,UCD/Sent/Trigger/Trg_periodic_5_seconds,locationLongitude,,"[2.36, 2.362, 2.364, 2.366, 2.368]",2026-02-13 07:08:00+00:00,2026-02-13 07:08:01+00:00,electric,bev,fixture
365,VIN008,Vehicle/Trigger/EndOfJourney,lastKnownLocationAltitude,72.0,,2026-02-13 07:08:00+00:00,2026-02-13 07:08:01+00:00,electric,bev,fixture
363,VIN008,Vehicle/Trigger/EndOfJourney,locationLatitude,49.05,,2026-02-13 07:08:00+00:00,2026-02-13 07:08:01+00:00,electric,bev,fixture
364,VIN008,Vehicle/Trigger/EndOfJourney,locationLongitude,2.368,,2026-02-13 07:08:00+00:00,2026-02-13 07:08:01+00:00,electric,bev,fixture
371,VIN008,Vehicle/Trigger/StartOfJourney,lastKnownLocationAltitude,70.0,,2026-02-13 10:00:00+00:00,2026-02-13 10:00:01+00:00,electric,bev,fixture
369,VIN008,Vehicle/Trigger/StartOfJourney,locationLatitude,49.043,,2026-02-13 10:00:00+00:00,2026-02-13 10:00:01+00:00,electric,bev,fixture
370,VIN008,Vehicle/Trigger/StartOfJourney,locationLongitude,2.364,,2026-02-13 10:00:00+00:00,2026-02-13 10:00:01+00:00,electric,bev,fixture
377,VIN008,UCD/Sent/Trigger/Trg_periodic_5_seconds,lastKnownLocationAltitude,,"[70.0, 70.4, 70.8, 71.2, 71.6, 72.0]",2026-02-13 10:09:00+00:00,2026-02-13 10:09:01+00:00,electric,bev,fixture
375,VIN008,UCD/Sent/Trigger/Trg_periodic_5_seconds,locationLatitude,,"[49.043, 49.0458, 49.0486, 49.0514, 49.0542, 49.057]",2026-02-13 10:09:00+00:00,2026-02-13 10:09:01+00:00,electric,bev,fixture
376,VIN008,UCD/Sent/Trigger/Trg_periodic_5_seconds,locationLongitude,,"[2.364, 2.3662, 2.3684, 2.3706, 2.3728, 2.375]",2026-02-13 10:09:00+00:00,2026-02-13 10:09:01+00:00,electric,bev,fixture
374,VIN008,Vehicle/Trigger/EndOfJourney,lastKnownLocationAltitude,72.0,,2026-02-13 10:09:00+00:00,2026-02-13 10:09:01+00:00,electric,bev,fixture
372,VIN008,Vehicle/Trigger/EndOfJourney,locationLatitude,49.057,,2026-02-13 10:09:00+00:00,2026-02-13 10:09:01+00:00,electric,bev,fixture
373,VIN008,Vehicle/Trigger/EndOfJourney,locationLongitude,2.375,,2026-02-13 10:09:00+00:00,2026-02-13 10:09:01+00:00,electric,bev,fixture
380,VIN008,Vehicle/Trigger/StartOfJourney,lastKnownLocationAltitude,70.0,,2026-02-13 13:00:00+00:00,2026-02-13 13:00:01+00:00,electric,bev,fixture
378,VIN008,Vehicle/Trigger/StartOfJourney,locationLatitude,49.046,,2026-02-13 13:00:00+00:00,2026-02-13 13:00:01+00:00,electric,bev,fixture
379,VIN008,Vehicle/Trigger/StartOfJourney,locationLongitude,2.368,,2026-02-13 13:00:00+00:00,2026-02-13 13:00:01+00:00,electric,bev,fixture
386,VIN008,UCD/Sent/Trigger/Trg_periodic_5_seconds,lastKnownLocationAltitude,,"[70.0, 70.3, 70.7, 71.0, 71.3, 71.7, 72.0]",2026-02-13 13:10:00+00:00,2026-02-13 13:10:01+00:00,electric,bev,fixture
384,VIN008,UCD/Sent/Trigger/Trg_periodic_5_seconds,locationLatitude,,"[49.046, 49.049, 49.052, 49.055, 49.058, 49.061, 49.064]",2026-02-13 13:10:00+00:00,2026-02-13 13:10:01+00:00,electric,bev,fixture
385,VIN008,UCD/Sent/Trigger/Trg_periodic_5_seconds,locationLongitude,,"[2.368, 2.3703333, 2.3726667, 2.375, 2.3773333, 2.3796667, 2.382]",2026-02-13 13:10:00+00:00,2026-02-13 13:10:01+00:00,electric,bev,fixture
383,VIN008,Vehicle/Trigger/EndOfJourney,lastKnownLocationAltitude,72.0,,2026-02-13 13:10:00+00:00,2026-02-13 13:10:01+00:00,electric,bev,fixture
381,VIN008,Vehicle/Trigger/EndOfJourney,locationLatitude,49.064,,2026-02-13 13:10:00+00:00,2026-02-13 13:10:01+00:00,electric,bev,fixture
382,VIN008,Vehicle/Trigger/EndOfJourney,locationLongitude,2.382,,2026-02-13 13:10:00+00:00,2026-02-13 13:10:01+00:00,electric,bev,fixture
389,VIN008,Vehicle/Trigger/StartOfJourney,lastKnownLocationAltitude,70.0,,2026-02-13 16:00:00+00:00,2026-02-13 16:00:01+00:00,electric,bev,fixture
387,VIN008,Vehicle/Trigger/StartOfJourney,locationLatitude,49.049,,2026-02-13 16:00:00+00:00,2026-02-13 16:00:01+00:00,electric,bev,fixture
388,VIN008,Vehicle/Trigger/StartOfJourney,locationLongitude,2.372,,2026-02-13 16:00:00+00:00,2026-02-13 16:00:01+00:00,electric,bev,fixture
395,VIN008,UCD/Sent/Trigger/Trg_periodic_5_seconds,lastKnownLocationAltitude,,"[70.0, 70.5, 71.0, 71.5, 72.0]",2026-02-13 16:11:00+00:00,2026-02-13 16:11:01+00:00,electric,bev,fixture
393,VIN008,UCD/Sent/Trigger/Trg_periodic_5_seconds,locationLatitude,,"[49.049, 49.0515, 49.054, 49.0565, 49.059]",2026-02-13 16:11:00+00:00,2026-02-13 16:11:01+00:00,electric,bev,fixture
394,VIN008,UCD/Sent/Trigger/Trg_periodic_5_seconds,locationLongitude,,"[2.372, 2.37625, 2.3805, 2.38475, 2.389]",2026-02-13 16:11:00+00:00,2026-02-13 16:11:01+00:00,electric,bev,fixture
392,VIN008,Vehicle/Trigger/EndOfJourney,lastKnownLocationAltitude,72.0,,2026-02-13 16:11:00+00:00,2026-02-13 16:11:01+00:00,electric,bev,fixture
390,VIN008,Vehicle/Trigger/EndOfJourney,locationLatitude,49.059,,2026-02-13 16:11:00+00:00,2026-02-13 16:11:01+00:00,electric,bev,fixture
391,VIN008,Vehicle/Trigger/EndOfJourney,locationLongitude,2.389,,2026-02-13 16:11:00+00:00,2026-02-13 16:11:01+00:00,electric,bev,fixture
398,VIN008,Vehicle/Trigger/StartOfJourney,lastKnownLocationAltitude,70.0,,2026-02-13 19:00:00+00:00,2026-02-13 19:00:01+00:00,electric,bev,fixture
396,VIN008,Vehicle/Trigger/StartOfJourney,locationLatitude,49.052,,2026-02-13 19:00:00+00:00,2026-02-13 19:00:01+00:00,electric,bev,fixture
397,VIN008,Vehicle/Trigger/StartOfJourney,locationLongitude,2.376,,2026-02-13 19:00:00+00:00,2026-02-13 19:00:01+00:00,electric,bev,fixture
404,VIN008,UCD/Sent/Trigger/Trg_periodic_5_seconds,lastKnownLocationAltitude,,"[70.0, 70.4, 70.8, 71.2, 71.6, 72.0]",2026-02-13 19:12:00+00:00,2026-02-13 19:12:01+00:00,electric,bev,fixture
402,VIN008,UCD/Sent/Trigger/Trg_periodic_5_seconds,locationLatitude,,"[49.052, 49.0548, 49.0576, 49.0604, 49.0632, 49.066]",2026-02-13 19:12:00+00:00,2026-02-13 19:12:01+00:00,electric,bev,fixture
403,VIN008,UCD/Sent/Trigger/Trg_periodic_5_seconds,locationLongitude,,"[2.376, 2.3776, 2.3792, 2.3808, 2.3824, 2.384]",2026-02-13 19:12:00+00:00,2026-02-13 19:12:01+00:00,electric,bev,fixture
401,VIN008,Vehicle/Trigger/EndOfJourney,lastKnownLocationAltitude,72.0,,2026-02-13 19:12:00+00:00,2026-02-13 19:12:01+00:00,electric,bev,fixture
399,VIN008,Vehicle/Trigger/EndOfJourney,locationLatitude,49.066,,2026-02-13 19:12:00+00:00,2026-02-13 19:12:01+00:00,electric,bev,fixture
400,VIN008,Vehicle/Trigger/EndOfJourney,locationLongitude,2.384,,2026-02-13 19:12:00+00:00,2026-02-13 19:12:01+00:00,electric,bev,fixture
407,VIN009,Vehicle/Trigger/StartOfJourney,lastKnownLocationAltitude,70.0,,2026-02-13 07:00:00+00:00,2026-02-13 07:00:01+00:00,electric,bev,fixture
405,VIN009,Vehicle/Trigger/StartOfJourney,locationLatitude,49.07,,2026-02-13 07:00:00+00:00,2026-02-13 07:00:01+00:00,electric,bev,fixture
406,VIN009,Vehicle/Trigger/StartOfJourney,locationLongitude,2.38,,2026-02-13 07:00:00+00:00,2026-02-13 07:00:01+00:00,electric,bev,fixture
413,VIN009,UCD/Sent/Trigger/Trg_periodic_5_seconds,lastKnownLocationAltitude,,"[70.0, 70.5, 71.0, 71.5, 72.0]",2026-02-13 07:08:00+00:00,2026-02-13 07:08:01+00:00,electric,bev,fixture
411,VIN009,UCD/Sent/Trigger/Trg_periodic_5_seconds,locationLatitude,,"[49.07, 49.0725, 49.075, 49.0775, 49.08]",2026-02-13 07:08:00+00:00,2026-02-13 07:08:01+00:00,electric,bev,fixture
412,VIN009,UCD/Sent/Trigger/Trg_periodic_5_seconds,locationLongitude,,"[2.38, 2.382, 2.384, 2.386, 2.388]",2026-02-13 07:08:00+00:00,2026-02-13 07:08:01+00:00,electric,bev,fixture
410,VIN009,Vehicle/Trigger/EndOfJourney,lastKnownLocationAltitude,72.0,,2026-02-13 07:08:00+00:00,2026-02-13 07:08:01+00:00,electric,bev,fixture
408,VIN009,Vehicle/Trigger/EndOfJourney,locationLatitude,49.08,,2026-02-13 07:08:00+00:00,2026-02-13 07:08:01+00:00,electric,bev,fixture
409,VIN009,Vehicle/Trigger/EndOfJourney,locationLongitude,2.388,,2026-02-13 07:08:00+00:00,2026-02-13 07:08:01+00:00,electric,bev,fixture
416,VIN009,Vehicle/Trigger/StartOfJourney,lastKnownLocationAltitude,70.0,,2026-02-13 10:00:00+00:00,2026-02-13 10:00:01+00:00,electric,bev,fixture
414,VIN009,Vehicle/Trigger/StartOfJourney,locationLatitude,49.073,,2026-02-13 10:00:00+00:00,2026-02-13 10:00:01+00:00,electric,bev,fixture
415,VIN009,Vehicle/Trigger/StartOfJourney,locationLongitude,2.384,,2026-02-13 10:00:00+00:00,2026-02-13 10:00:01+00:00,electric,bev,fixture
422,VIN009,UCD/Sent/Trigger/Trg_periodic_5_seconds,lastKnownLocationAltitude,,"[70.0, 70.4, 70.8, 71.2, 71.6, 72.0]",2026-02-13 10:09:00+00:00,2026-02-13 10:09:01+00:00,electric,bev,fixture
420,VIN009,UCD/Sent/Trigger/Trg_periodic_5_seconds,locationLatitude,,"[49.073, 49.0758, 49.0786, 49.0814, 49.0842, 49.087]",2026-02-13 10:09:00+00:00,2026-02-13 10:09:01+00:00,electric,bev,fixture
421,VIN009,UCD/Sent/Trigger/Trg_periodic_5_seconds,locationLongitude,,"[2.384, 2.3862, 2.3884, 2.3906, 2.3928, 2.395]",2026-02-13 10:09:00+00:00,2026-02-13 10:09:01+00:00,electric,bev,fixture
419,VIN009,Vehicle/Trigger/EndOfJourney,lastKnownLocationAltitude,72.0,,2026-02-13 10:09:00+00:00,2026-02-13 10:09:01+00:00,electric,bev,fixture
417,VIN009,Vehicle/Trigger/EndOfJourney,locationLatitude,49.087,,2026-02-13 10:09:00+00:00,2026-02-13 10:09:01+00:00,electric,bev,fixture
418,VIN009,Vehicle/Trigger/EndOfJourney,locationLongitude,2.395,,2026-02-13 10:09:00+00:00,2026-02-13 10:09:01+00:00,electric,bev,fixture
425,VIN009,Vehicle/Trigger/StartOfJourney,lastKnownLocationAltitude,70.0,,2026-02-13 13:00:00+00:00,2026-02-13 13:00:01+00:00,electric,bev,fixture
423,VIN009,Vehicle/Trigger/StartOfJourney,locationLatitude,49.076,,2026-02-13 13:00:00+00:00,2026-02-13 13:00:01+00:00,electric,bev,fixture
424,VIN009,Vehicle/Trigger/StartOfJourney,locationLongitude,2.388,,2026-02-13 13:00:00+00:00,2026-02-13 13:00:01+00:00,electric,bev,fixture
431,VIN009,UCD/Sent/Trigger/Trg_periodic_5_seconds,lastKnownLocationAltitude,,"[70.0, 70.3, 70.7, 71.0, 71.3, 71.7, 72.0]",2026-02-13 13:10:00+00:00,2026-02-13 13:10:01+00:00,electric,bev,fixture
429,VIN009,UCD/Sent/Trigger/Trg_periodic_5_seconds,locationLatitude,,"[49.076, 49.079, 49.082, 49.085, 49.088, 49.091, 49.094]",2026-02-13 13:10:00+00:00,2026-02-13 13:10:01+00:00,electric,bev,fixture
430,VIN009,UCD/Sent/Trigger/Trg_periodic_5_seconds,locationLongitude,,"[2.388, 2.3903333, 2.3926667, 2.395, 2.3973333, 2.3996667, 2.402]",2026-02-13 13:10:00+00:00,2026-02-13 13:10:01+00:00,electric,bev,fixture
428,VIN009,Vehicle/Trigger/EndOfJourney,lastKnownLocationAltitude,72.0,,2026-02-13 13:10:00+00:00,2026-02-13 13:10:01+00:00,electric,bev,fixture
426,VIN009,Vehicle/Trigger/EndOfJourney,locationLatitude,49.094,,2026-02-13 13:10:00+00:00,2026-02-13 13:10:01+00:00,electric,bev,fixture
427,VIN009,Vehicle/Trigger/EndOfJourney,locationLongitude,2.402,,2026-02-13 13:10:00+00:00,2026-02-13 13:10:01+00:00,electric,bev,fixture
434,VIN009,Vehicle/Trigger/StartOfJourney,lastKnownLocationAltitude,70.0,,2026-02-13 16:00:00+00:00,2026-02-13 16:00:01+00:00,electric,bev,fixture
432,VIN009,Vehicle/Trigger/StartOfJourney,locationLatitude,49.079,,2026-02-13 16:00:00+00:00,2026-02-13 16:00:01+00:00,electric,bev,fixture
433,VIN009,Vehicle/Trigger/StartOfJourney,locationLongitude,2.392,,2026-02-13 16:00:00+00:00,2026-02-13 16:00:01+00:00,electric,bev,fixture
440,VIN009,UCD/Sent/Trigger/Trg_periodic_5_seconds,lastKnownLocationAltitude,,"[70.0, 70.5, 71.0, 71.5, 72.0]",2026-02-13 16:11:00+00:00,2026-02-13 16:11:01+00:00,electric,bev,fixture
438,VIN009,UCD/Sent/Trigger/Trg_periodic_5_seconds,locationLatitude,,"[49.079, 49.0815, 49.084, 49.0865, 49.089]",2026-02-13 16:11:00+00:00,2026-02-13 16:11:01+00:00,electric,bev,fixture
439,VIN009,UCD/Sent/Trigger/Trg_periodic_5_seconds,locationLongitude,,"[2.392, 2.39625, 2.4005, 2.40475, 2.409]",2026-02-13 16:11:00+00:00,2026-02-13 16:11:01+00:00,electric,bev,fixture
437,VIN009,Vehicle/Trigger/EndOfJourney,lastKnownLocationAltitude,72.0,,2026-02-13 16:11:00+00:00,2026-02-13 16:11:01+00:00,electric,bev,fixture
435,VIN009,Vehicle/Trigger/EndOfJourney,locationLatitude,49.089,,2026-02-13 16:11:00+00:00,2026-02-13 16:11:01+00:00,electric,bev,fixture
436,VIN009,Vehicle/Trigger/EndOfJourney,locationLongitude,2.409,,2026-02-13 16:11:00+00:00,2026-02-13 16:11:01+00:00,electric,bev,fixture
443,VIN009,Vehicle/Trigger/StartOfJourney,lastKnownLocationAltitude,70.0,,2026-02-13 19:00:00+00:00,2026-02-13 19:00:01+00:00,electric,bev,fixture
441,VIN009,Vehicle/Trigger/StartOfJourney,locationLatitude,49.082,,2026-02-13 19:00:00+00:00,2026-02-13 19:00:01+00:00,electric,bev,fixture
442,VIN009,Vehicle/Trigger/StartOfJourney,locationLongitude,2.396,,2026-02-13 19:00:00+00:00,2026-02-13 19:00:01+00:00,electric,bev,fixture
449,VIN009,UCD/Sent/Trigger/Trg_periodic_5_seconds,lastKnownLocationAltitude,,"[70.0, 70.4, 70.8, 71.2, 71.6, 72.0]",2026-02-13 19:12:00+00:00,2026-02-13 19:12:01+00:00,electric,bev,fixture
447,VIN009,UCD/Sent/Trigger/Trg_periodic_5_seconds,locationLatitude,,"[49.082, 49.0848, 49.0876, 49.0904, 49.0932, 49.096]",2026-02-13 19:12:00+00:00,2026-02-13 19:12:01+00:00,electric,bev,fixture
448,VIN009,UCD/Sent/Trigger/Trg_periodic_5_seconds,locationLongitude,,"[2.396, 2.3976, 2.3992, 2.4008, 2.4024, 2.404]",2026-02-13 19:12:00+00:00,2026-02-13 19:12:01+00:00,electric,bev,fixture
446,VIN009,Vehicle/Trigger/EndOfJourney,lastKnownLocationAltitude,72.0,,2026-02-13 19:12:00+00:00,2026-02-13 19:12:01+00:00,electric,bev,fixture
444,VIN009,Vehicle/Trigger/EndOfJourney,locationLatitude,49.096,,2026-02-13 19:12:00+00:00,2026-02-13 19:12:01+00:00,electric,bev,fixture
445,VIN009,Vehicle/Trigger/EndOfJourney,locationLongitude,2.404,,2026-02-13 19:12:00+00:00,2026-02-13 19:12:01+00:00,electric,bev,fixture
452,VIN010,Vehicle/Trigger/StartOfJourney,lastKnownLocationAltitude,70.0,,2026-02-13 07:00:00+00:00,2026-02-13 07:00:01+00:00,electric,bev,fixture
450,VIN010,Vehicle/Trigger/StartOfJourney,locationLatitude,49.1,,2026-02-13 07:00:00+00:00,2026-02-13 07:00:01+00:00,electric,bev,fixture
451,VIN010,Vehicle/Trigger/StartOfJourney,locationLongitude,2.4,,2026-02-13 07:00:00+00:00,2026-02-13 07:00:01+00:00,electric,bev,fixture
458,VIN010,UCD/Sent/Trigger/Trg_periodic_5_seconds,lastKnownLocationAltitude,,"[70.0, 70.5, 71.0, 71.5, 72.0]",2026-02-13 07:08:00+00:00,2026-02-13 07:08:01+00:00,electric,bev,fixture
456,VIN010,UCD/Sent/Trigger/Trg_periodic_5_seconds,locationLatitude,,"[49.1, 49.1025, 49.105, 49.1075, 49.11]",2026-02-13 07:08:00+00:00,2026-02-13 07:08:01+00:00,electric,bev,fixture
457,VIN010,UCD/Sent/Trigger/Trg_periodic_5_seconds,locationLongitude,,"[2.4, 2.402, 2.404, 2.406, 2.408]",2026-02-13 07:08:00+00:00,2026-02-13 07:08:01+00:00,electric,bev,fixture
455,VIN010,Vehicle/Trigger/EndOfJourney,lastKnownLocationAltitude,72.0,,2026-02-13 07:08:00+00:00,2026-02-13 07:08:01+00:00,electric,bev,fixture
453,VIN010,Vehicle/Trigger/EndOfJourney,locationLatitude,49.11,,2026-02-13 07:08:00+00:00,2026-02-13 07:08:01+00:00,electric,bev,fixture
454,VIN010,Vehicle/Trigger/EndOfJourney,locationLongitude,2.408,,2026-02-13 07:08:00+00:00,2026-02-13 07:08:01+00:00,electric,bev,fixture
461,VIN010,Vehicle/Trigger/StartOfJourney,lastKnownLocationAltitude,70.0,,2026-02-13 10:00:00+00:00,2026-02-13 10:00:01+00:00,electric,bev,fixture
459,VIN010,Vehicle/Trigger/StartOfJourney,locationLatitude,49.103,,2026-02-13 10:00:00+00:00,2026-02-13 10:00:01+00:00,electric,bev,fixture
460,VIN010,Vehicle/Trigger/StartOfJourney,locationLongitude,2.404,,2026-02-13 10:00:00+00:00,2026-02-13 10:00:01+00:00,electric,bev,fixture
467,VIN010,UCD/Sent/Trigger/Trg_periodic_5_seconds,lastKnownLocationAltitude,,"[70.0, 70.4, 70.8, 71.2, 71.6, 72.0]",2026-02-13 10:09:00+00:00,2026-02-13 10:09:01+00:00,electric,bev,fixture
465,VIN010,UCD/Sent/Trigger/Trg_periodic_5_seconds,locationLatitude,,"[49.103, 49.1058, 49.1086, 49.1114, 49.1142, 49.117]",2026-02-13 10:09:00+00:00,2026-02-13 10:09:01+00:00,electric,bev,fixture
466,VIN010,UCD/Sent/Trigger/Trg_periodic_5_seconds,locationLongitude,,"[2.404, 2.4062, 2.4084, 2.4106, 2.4128, 2.415]",2026-02-13 10:09:00+00:00,2026-02-13 10:09:01+00:00,electric,bev,fixture
464,VIN010,Vehicle/Trigger/EndOfJourney,lastKnownLocationAltitude,72.0,,2026-02-13 10:09:00+00:00,2026-02-13 10:09:01+00:00,electric,bev,fixture
462,VIN010,Vehicle/Trigger/EndOfJourney,locationLatitude,49.117,,2026-02-13 10:09:00+00:00,2026-02-13 10:09:01+00:00,electric,bev,fixture
463,VIN010,Vehicle/Trigger/EndOfJourney,locationLongitude,2.415,,2026-02-13 10:09:00+00:00,2026-02-13 10:09:01+00:00,electric,bev,fixture
470,VIN010,Vehicle/Trigger/StartOfJourney,lastKnownLocationAltitude,70.0,,2026-02-13 13:00:00+00:00,2026-02-13 13:00:01+00:00,electric,bev,fixture
468,VIN010,Vehicle/Trigger/StartOfJourney,locationLatitude,49.106,,2026-02-13 13:00:00+00:00,2026-02-13 13:00:01+00:00,electric,bev,fixture
469,VIN010,Vehicle/Trigger/StartOfJourney,locationLongitude,2.408,,2026-02-13 13:00:00+00:00,2026-02-13 13:00:01+00:00,electric,bev,fixture
476,VIN010,UCD/Sent/Trigger/Trg_periodic_5_seconds,lastKnownLocationAltitude,,"[70.0, 70.3, 70.7, 71.0, 71.3, 71.7, 72.0]",2026-02-13 13:10:00+00:00,2026-02-13 13:10:01+00:00,electric,bev,fixture
474,VIN010,UCD/Sent/Trigger/Trg_periodic_5_seconds,locationLatitude,,"[49.106, 49.109, 49.112, 49.115, 49.118, 49.121, 49.124]",2026-02-13 13:10:00+00:00,2026-02-13 13:10:01+00:00,electric,bev,fixture
475,VIN010,UCD/Sent/Trigger/Trg_periodic_5_seconds,locationLongitude,,"[2.408, 2.4103333, 2.4126667, 2.415, 2.4173333, 2.4196667, 2.422]",2026-02-13 13:10:00+00:00,2026-02-13 13:10:01+00:00,electric,bev,fixture
473,VIN010,Vehicle/Trigger/EndOfJourney,lastKnownLocationAltitude,72.0,,2026-02-13 13:10:00+00:00,2026-02-13 13:10:01+00:00,electric,bev,fixture
471,VIN010,Vehicle/Trigger/EndOfJourney,locationLatitude,49.124,,2026-02-13 13:10:00+00:00,2026-02-13 13:10:01+00:00,electric,bev,fixture
472,VIN010,Vehicle/Trigger/EndOfJourney,locationLongitude,2.422,,2026-02-13 13:10:00+00:00,2026-02-13 13:10:01+00:00,electric,bev,fixture
479,VIN010,Vehicle/Trigger/StartOfJourney,lastKnownLocationAltitude,70.0,,2026-02-13 16:00:00+00:00,2026-02-13 16:00:01+00:00,electric,bev,fixture
477,VIN010,Vehicle/Trigger/StartOfJourney,locationLatitude,49.109,,2026-02-13 16:00:00+00:00,2026-02-13 16:00:01+00:00,electric,bev,fixture
478,VIN010,Vehicle/Trigger/StartOfJourney,locationLongitude,2.412,,2026-02-13 16:00:00+00:00,2026-02-13 16:00:01+00:00,electric,bev,fixture
485,VIN010,UCD/Sent/Trigger/Trg_periodic_5_seconds,lastKnownLocationAltitude,,"[70.0, 70.5, 71.0, 71.5, 72.0]",2026-02-13 16:11:00+00:00,2026-02-13 16:11:01+00:00,electric,bev,fixture
483,VIN010,UCD/Sent/Trigger/Trg_periodic_5_seconds,locationLatitude,,"[49.109, 49.1115, 49.114, 49.1165, 49.119]",2026-02-13 16:11:00+00:00,2026-02-13 16:11:01+00:00,electric,bev,fixture
484,VIN010,UCD/Sent/Trigger/Trg_periodic_5_seconds,locationLongitude,,"[2.412, 2.41625, 2.4205, 2.42475, 2.429]",2026-02-13 16:11:00+00:00,2026-02-13 16:11:01+00:00,electric,bev,fixture
482,VIN010,Vehicle/Trigger/EndOfJourney,lastKnownLocationAltitude,72.0,,2026-02-13 16:11:00+00:00,2026-02-13 16:11:01+00:00,electric,bev,fixture
480,VIN010,Vehicle/Trigger/EndOfJourney,locationLatitude,49.119,,2026-02-13 16:11:00+00:00,2026-02-13 16:11:01+00:00,electric,bev,fixture
481,VIN010,Vehicle/Trigger/EndOfJourney,locationLongitude,2.429,,2026-02-13 16:11:00+00:00,2026-02-13 16:11:01+00:00,electric,bev,fixture
488,VIN010,Vehicle/Trigger/StartOfJourney,lastKnownLocationAltitude,70.0,,2026-02-13 19:00:00+00:00,2026-02-13 19:00:01+00:00,electric,bev,fixture
486,VIN010,Vehicle/Trigger/StartOfJourney,locationLatitude,49.112,,2026-02-13 19:00:00+00:00,2026-02-13 19:00:01+00:00,electric,bev,fixture
487,VIN010,Vehicle/Trigger/StartOfJourney,locationLongitude,2.416,,2026-02-13 19:00:00+00:00,2026-02-13 19:00:01+00:00,electric,bev,fixture
494,VIN010,UCD/Sent/Trigger/Trg_periodic_5_seconds,lastKnownLocationAltitude,,"[70.0, 70.4, 70.8, 71.2, 71.6, 72.0]",2026-02-13 19:12:00+00:00,2026-02-13 19:12:01+00:00,electric,bev,fixture
492,VIN010,UCD/Sent/Trigger/Trg_periodic_5_seconds,locationLatitude,,"[49.112, 49.1148, 49.1176, 49.1204, 49.1232, 49.126]",2026-02-13 19:12:00+00:00,2026-02-13 19:12:01+00:00,electric,bev,fixture
493,VIN010,UCD/Sent/Trigger/Trg_periodic_5_seconds,locationLongitude,,"[2.416, 2.4176, 2.4192, 2.4208, 2.4224, 2.424]",2026-02-13 19:12:00+00:00,2026-02-13 19:12:01+00:00,electric,bev,fixture
491,VIN010,Vehicle/Trigger/EndOfJourney,lastKnownLocationAltitude,72.0,,2026-02-13 19:12:00+00:00,2026-02-13 19:12:01+00:00,electric,bev,fixture
489,VIN010,Vehicle/Trigger/EndOfJourney,locationLatitude,49.126,,2026-02-13 19:12:00+00:00,2026-02-13 19:12:01+00:00,electric,bev,fixture
490,VIN010,Vehicle/Trigger/EndOfJourney,locationLongitude,2.424,,2026-02-13 19:12:00+00:00,2026-02-13 19:12:01+00:00,electric,bev,fixture
497,VIN011,Vehicle/Trigger/StartOfJourney,lastKnownLocationAltitude,70.0,,2026-02-13 07:00:00+00:00,2026-02-13 07:00:01+00:00,electric,bev,fixture
495,VIN011,Vehicle/Trigger/StartOfJourney,locationLatitude,49.13,,2026-02-13 07:00:00+00:00,2026-02-13 07:00:01+00:00,electric,bev,fixture
496,VIN011,Vehicle/Trigger/StartOfJourney,locationLongitude,2.42,,2026-02-13 07:00:00+00:00,2026-02-13 07:00:01+00:00,electric,bev,fixture
503,VIN011,UCD/Sent/Trigger/Trg_periodic_5_seconds,lastKnownLocationAltitude,,"[70.0, 70.5, 71.0, 71.5, 72.0]",2026-02-13 07:08:00+00:00,2026-02-13 07:08:01+00:00,electric,bev,fixture
501,VIN011,UCD/Sent/Trigger/Trg_periodic_5_seconds,locationLatitude,,"[49.13, 49.1325, 49.135, 49.1375, 49.14]",2026-02-13 07:08:00+00:00,2026-02-13 07:08:01+00:00,electric,bev,fixture
502,VIN011,UCD/Sent/Trigger/Trg_periodic_5_seconds,locationLongitude,,"[2.42, 2.422, 2.424, 2.426, 2.428]",2026-02-13 07:08:00+00:00,2026-02-13 07:08:01+00:00,electric,bev,fixture
500,VIN011,Vehicle/Trigger/EndOfJourney,lastKnownLocationAltitude,72.0,,2026-02-13 07:08:00+00:00,2026-02-13 07:08:01+00:00,electric,bev,fixture
498,VIN011,Vehicle/Trigger/EndOfJourney,locationLatitude,49.14,,2026-02-13 07:08:00+00:00,2026-02-13 07:08:01+00:00,electric,bev,fixture
499,VIN011,Vehicle/Trigger/EndOfJourney,locationLongitude,2.428,,2026-02-13 07:08:00+00:00,2026-02-13 07:08:01+00:00,electric,bev,fixture
506,VIN011,Vehicle/Trigger/StartOfJourney,lastKnownLocationAltitude,70.0,,2026-02-13 10:00:00+00:00,2026-02-13 10:00:01+00:00,electric,bev,fixture
504,VIN011,Vehicle/Trigger/StartOfJourney,locationLatitude,49.133,,2026-02-13 10:00:00+00:00,2026-02-13 10:00:01+00:00,electric,bev,fixture
505,VIN011,Vehicle/Trigger/StartOfJourney,locationLongitude,2.424,,2026-02-13 10:00:00+00:00,2026-02-13 10:00:01+00:00,electric,bev,fixture
512,VIN011,UCD/Sent/Trigger/Trg_periodic_5_seconds,lastKnownLocationAltitude,,"[70.0, 70.4, 70.8, 71.2, 71.6, 72.0]",2026-02-13 10:09:00+00:00,2026-02-13 10:09:01+00:00,electric,bev,fixture
510,VIN011,UCD/Sent/Trigger/Trg_periodic_5_seconds,locationLatitude,,"[49.133, 49.1358, 49.1386, 49.1414, 49.1442, 49.147]",2026-02-13 10:09:00+00:00,2026-02-13 10:09:01+00:00,electric,bev,fixture
511,VIN011,UCD/Sent/Trigger/Trg_periodic_5_seconds,locationLongitude,,"[2.424, 2.4262, 2.4284, 2.4306, 2.4328, 2.435]",2026-02-13 10:09:00+00:00,2026-02-13 10:09:01+00:00,electric,bev,fixture
509,VIN011,Vehicle/Trigger/EndOfJourney,lastKnownLocationAltitude,72.0,,2026-02-13 10:09:00+00:00,2026-02-13 10:09:01+00:00,electric,bev,fixture
507,VIN011,Vehicle/Trigger/EndOfJourney,locationLatitude,49.147,,2026-02-13 10:09:00+00:00,2026-02-13 10:09:01+00:00,electric,bev,fixture
508,VIN011,Vehicle/Trigger/EndOfJourney,locationLongitude,2.435,,2026-02-13 10:09:00+00:00,2026-02-13 10:09:01+00:00,electric,bev,fixture
515,VIN011,Vehicle/Trigger/StartOfJourney,lastKnownLocationAltitude,70.0,,2026-02-13 13:00:00+00:00,2026-02-13 13:00:01+00:00,electric,bev,fixture
513,VIN011,Vehicle/Trigger/StartOfJourney,locationLatitude,49.136,,2026-02-13 13:00:00+00:00,2026-02-13 13:00:01+00:00,electric,bev,fixture
514,VIN011,Vehicle/Trigger/StartOfJourney,locationLongitude,2.428,,2026-02-13 13:00:00+00:00,2026-02-13 13:00:01+00:00,electric,bev,fixture
521,VIN011,UCD/Sent/Trigger/Trg_periodic_5_seconds,lastKnownLocationAltitude,,"[70.0, 70.3, 70.7, 71.0, 71.3, 71.7, 72.0]",2026-02-13 13:10:00+00:00,2026-02-13 13:10:01+00:00,electric,bev,fixture
519,VIN011,UCD/Sent/Trigger/Trg_periodic_5_seconds,locationLatitude,,"[49.136, 49.139, 49.142, 49.145, 49.148, 49.151, 49.154]",2026-02-13 13:10:00+00:00,2026-02-13 13:10:01+00:00,electric,bev,fixture
520,VIN011,UCD/Sent/Trigger/Trg_periodic_5_seconds,locationLongitude,,"[2.428, 2.4303333, 2.4326667, 2.435, 2.4373333, 2.4396667, 2.442]",2026-02-13 13:10:00+00:00,2026-02-13 13:10:01+00:00,electric,bev,fixture
518,VIN011,Vehicle/Trigger/EndOfJourney,lastKnownLocationAltitude,72.0,,2026-02-13 13:10:00+00:00,2026-02-13 13:10:01+00:00,electric,bev,fixture
516,VIN011,Vehicle/Trigger/EndOfJourney,locationLatitude,49.154,,2026-02-13 13:10:00+00:00,2026-02-13 13:10:01+00:00,electric,bev,fixture
517,VIN011,Vehicle/Trigger/EndOfJourney,locationLongitude,2.442,,2026-02-13 13:10:00+00:00,2026-02-13 13:10:01+00:00,electric,bev,fixture
524,VIN011,Vehicle/Trigger/StartOfJourney,lastKnownLocationAltitude,70.0,,2026-02-13 16:00:00+00:00,2026-02-13 16:00:01+00:00,electric,bev,fixture
522,VIN011,Vehicle/Trigger/StartOfJourney,locationLatitude,49.139,,2026-02-13 16:00:00+00:00,2026-02-13 16:00:01+00:00,electric,bev,fixture
523,VIN011,Vehicle/Trigger/StartOfJourney,locationLongitude,2.432,,2026-02-13 16:00:00+00:00,2026-02-13 16:00:01+00:00,electric,bev,fixture
530,VIN011,UCD/Sent/Trigger/Trg_periodic_5_seconds,lastKnownLocationAltitude,,"[70.0, 70.5, 71.0, 71.5, 72.0]",2026-02-13 16:11:00+00:00,2026-02-13 16:11:01+00:00,electric,bev,fixture
528,VIN011,UCD/Sent/Trigger/Trg_periodic_5_seconds,locationLatitude,,"[49.139, 49.1415, 49.144, 49.1465, 49.149]",2026-02-13 16:11:00+00:00,2026-02-13 16:11:01+00:00,electric,bev,fixture
529,VIN011,UCD/Sent/Trigger/Trg_periodic_5_seconds,locationLongitude,,"[2.432, 2.43625, 2.4405, 2.44475, 2.449]",2026-02-13 16:11:00+00:00,2026-02-13 16:11:01+00:00,electric,bev,fixture
527,VIN011,Vehicle/Trigger/EndOfJourney,lastKnownLocationAltitude,72.0,,2026-02-13 16:11:00+00:00,2026-02-13 16:11:01+00:00,electric,bev,fixture
525,VIN011,Vehicle/Trigger/EndOfJourney,locationLatitude,49.149,,2026-02-13 16:11:00+00:00,2026-02-13 16:11:01+00:00,electric,bev,fixture
526,VIN011,Vehicle/Trigger/EndOfJourney,locationLongitude,2.449,,2026-02-13 16:11:00+00:00,2026-02-13 16:11:01+00:00,electric,bev,fixture
533,VIN011,Vehicle/Trigger/StartOfJourney,lastKnownLocationAltitude,70.0,,2026-02-13 19:00:00+00:00,2026-02-13 19:00:01+00:00,electric,bev,fixture
531,VIN011,Vehicle/Trigger/StartOfJourney,locationLatitude,49.142,,2026-02-13 19:00:00+00:00,2026-02-13 19:00:01+00:00,electric,bev,fixture
532,VIN011,Vehicle/Trigger/StartOfJourney,locationLongitude,2.436,,2026-02-13 19:00:00+00:00,2026-02-13 19:00:01+00:00,electric,bev,fixture
539,VIN011,UCD/Sent/Trigger/Trg_periodic_5_seconds,lastKnownLocationAltitude,,"[70.0, 70.4, 70.8, 71.2, 71.6, 72.0]",2026-02-13 19:12:00+00:00,2026-02-13 19:12:01+00:00,electric,bev,fixture
537,VIN011,UCD/Sent/Trigger/Trg_periodic_5_seconds,locationLatitude,,"[49.142, 49.1448, 49.1476, 49.1504, 49.1532, 49.156]",2026-02-13 19:12:00+00:00,2026-02-13 19:12:01+00:00,electric,bev,fixture
538,VIN011,UCD/Sent/Trigger/Trg_periodic_5_seconds,locationLongitude,,"[2.436, 2.4376, 2.4392, 2.4408, 2.4424, 2.444]",2026-02-13 19:12:00+00:00,2026-02-13 19:12:01+00:00,electric,bev,fixture
536,VIN011,Vehicle/Trigger/EndOfJourney,lastKnownLocationAltitude,72.0,,2026-02-13 19:12:00+00:00,2026-02-13 19:12:01+00:00,electric,bev,fixture
534,VIN011,Vehicle/Trigger/EndOfJourney,locationLatitude,49.156,,2026-02-13 19:12:00+00:00,2026-02-13 19:12:01+00:00,electric,bev,fixture
535,VIN011,Vehicle/Trigger/EndOfJourney,locationLongitude,2.444,,2026-02-13 19:12:00+00:00,2026-02-13 19:12:01+00:00,electric,bev,fixture
542,VIN012,Vehicle/Trigger/StartOfJourney,lastKnownLocationAltitude,70.0,,2026-02-13 07:00:00+00:00,2026-02-13 07:00:01+00:00,electric,bev,fixture
540,VIN012,Vehicle/Trigger/StartOfJourney,locationLatitude,49.16,,2026-02-13 07:00:00+00:00,2026-02-13 07:00:01+00:00,electric,bev,fixture
541,VIN012,Vehicle/Trigger/StartOfJourney,locationLongitude,2.44,,2026-02-13 07:00:00+00:00,2026-02-13 07:00:01+00:00,electric,bev,fixture
548,VIN012,UCD/Sent/Trigger/Trg_periodic_5_seconds,lastKnownLocationAltitude,,"[70.0, 70.5, 71.0, 71.5, 72.0]",2026-02-13 07:08:00+00:00,2026-02-13 07:08:01+00:00,electric,bev,fixture
546,VIN012,UCD/Sent/Trigger/Trg_periodic_5_seconds,locationLatitude,,"[49.16, 49.1625, 49.165, 49.1675, 49.17]",2026-02-13 07:08:00+00:00,2026-02-13 07:08:01+00:00,electric,bev,fixture
547,VIN012,UCD/Sent/Trigger/Trg_periodic_5_seconds,locationLongitude,,"[2.44, 2.442, 2.444, 2.446, 2.448]",2026-02-13 07:08:00+00:00,2026-02-13 07:08:01+00:00,electric,bev,fixture
545,VIN012,Vehicle/Trigger/EndOfJourney,lastKnownLocationAltitude,72.0,,2026-02-13 07:08:00+00:00,2026-02-13 07:08:01+00:00,electric,bev,fixture
543,VIN012,Vehicle/Trigger/EndOfJourney,locationLatitude,49.17,,2026-02-13 07:08:00+00:00,2026-02-13 07:08:01+00:00,electric,bev,fixture
544,VIN012,Vehicle/Trigger/EndOfJourney,locationLongitude,2.448,,2026-02-13 07:08:00+00:00,2026-02-13 07:08:01+00:00,electric,bev,fixture
551,VIN012,Vehicle/Trigger/StartOfJourney,lastKnownLocationAltitude,70.0,,2026-02-13 10:00:00+00:00,2026-02-13 10:00:01+00:00,electric,bev,fixture
549,VIN012,Vehicle/Trigger/StartOfJourney,locationLatitude,49.163,,2026-02-13 10:00:00+00:00,2026-02-13 10:00:01+00:00,electric,bev,fixture
550,VIN012,Vehicle/Trigger/StartOfJourney,locationLongitude,2.444,,2026-02-13 10:00:00+00:00,2026-02-13 10:00:01+00:00,electric,bev,fixture
557,VIN012,UCD/Sent/Trigger/Trg_periodic_5_seconds,lastKnownLocationAltitude,,"[70.0, 70.4, 70.8, 71.2, 71.6, 72.0]",2026-02-13 10:09:00+00:00,2026-02-13 10:09:01+00:00,electric,bev,fixture
555,VIN012,UCD/Sent/Trigger/Trg_periodic_5_seconds,locationLatitude,,"[49.163, 49.1658, 49.1686, 49.1714, 49.1742, 49.177]",2026-02-13 10:09:00+00:00,2026-02-13 10:09:01+00:00,electric,bev,fixture
556,VIN012,UCD/Sent/Trigger/Trg_periodic_5_seconds,locationLongitude,,"[2.444, 2.4462, 2.4484, 2.4506, 2.4528, 2.455]",2026-02-13 10:09:00+00:00,2026-02-13 10:09:01+00:00,electric,bev,fixture
554,VIN012,Vehicle/Trigger/EndOfJourney,lastKnownLocationAltitude,72.0,,2026-02-13 10:09:00+00:00,2026-02-13 10:09:01+00:00,electric,bev,fixture
552,VIN012,Vehicle/Trigger/EndOfJourney,locationLatitude,49.177,,2026-02-13 10:09:00+00:00,2026-02-13 10:09:01+00:00,electric,bev,fixture
553,VIN012,Vehicle/Trigger/EndOfJourney,locationLongitude,2.455,,2026-02-13 10:09:00+00:00,2026-02-13 10:09:01+00:00,electric,bev,fixture
560,VIN012,Vehicle/Trigger/StartOfJourney,lastKnownLocationAltitude,70.0,,2026-02-13 13:00:00+00:00,2026-02-13 13:00:01+00:00,electric,bev,fixture
558,VIN012,Vehicle/Trigger/StartOfJourney,locationLatitude,49.166,,2026-02-13 13:00:00+00:00,2026-02-13 13:00:01+00:00,electric,bev,fixture
559,VIN012,Vehicle/Trigger/StartOfJourney,locationLongitude,2.448,,2026-02-13 13:00:00+00:00,2026-02-13 13:00:01+00:00,electric,bev,fixture
566,VIN012,UCD/Sent/Trigger/Trg_periodic_5_seconds,lastKnownLocationAltitude,,"[70.0, 70.3, 70.7, 71.0, 71.3, 71.7, 72.0]",2026-02-13 13:10:00+00:00,2026-02-13 13:10:01+00:00,electric,bev,fixture
564,VIN012,UCD/Sent/Trigger/Trg_periodic_5_seconds,locationLatitude,,"[49.166, 49.169, 49.172, 49.175, 49.178, 49.181, 49.184]",2026-02-13 13:10:00+00:00,2026-02-13 13:10:01+00:00,electric,bev,fixture
565,VIN012,UCD/Sent/Trigger/Trg_periodic_5_seconds,locationLongitude,,"[2.448, 2.4503333, 2.4526667, 2.455, 2.4573333, 2.4596667, 2.462]",2026-02-13 13:10:00+00:00,2026-02-13 13:10:01+00:00,electric,bev,fixture
563,VIN012,Vehicle/Trigger/EndOfJourney,lastKnownLocationAltitude,72.0,,2026-02-13 13:10:00+00:00,2026-02-13 13:10:01+00:00,electric,bev,fixture
561,VIN012,Vehicle/Trigger/EndOfJourney,locationLatitude,49.184,,2026-02-13 13:10:00+00:00,2026-02-13 13:10:01+00:00,electric,bev,fixture
562,VIN012,Vehicle/Trigger/EndOfJourney,locationLongitude,2.462,,2026-02-13 13:10:00+00:00,2026-02-13 13:10:01+00:00,electric,bev,fixture
569,VIN012,Vehicle/Trigger/StartOfJourney,lastKnownLocationAltitude,70.0,,2026-02-13 16:00:00+00:00,2026-02-13 16:00:01+00:00,electric,bev,fixture
567,VIN012,Vehicle/Trigger/StartOfJourney,locationLatitude,49.169,,2026-02-13 16:00:00+00:00,2026-02-13 16:00:01+00:00,electric,bev,fixture
568,VIN012,Vehicle/Trigger/StartOfJourney,locationLongitude,2.452,,2026-02-13 16:00:00+00:00,2026-02-13 16:00:01+00:00,electric,bev,fixture
575,VIN012,UCD/Sent/Trigger/Trg_periodic_5_seconds,lastKnownLocationAltitude,,"[70.0, 70.5, 71.0, 71.5, 72.0]",2026-02-13 16:11:00+00:00,2026-02-13 16:11:01+00:00,electric,bev,fixture
573,VIN012,UCD/Sent/Trigger/Trg_periodic_5_seconds,locationLatitude,,"[49.169, 49.1715, 49.174, 49.1765, 49.179]",2026-02-13 16:11:00+00:00,2026-02-13 16:11:01+00:00,electric,bev,fixture
574,VIN012,UCD/Sent/Trigger/Trg_periodic_5_seconds,locationLongitude,,"[2.452, 2.45625, 2.4605, 2.46475, 2.469]",2026-02-13 16:11:00+00:00,2026-02-13 16:11:01+00:00,electric,bev,fixture
572,VIN012,Vehicle/Trigger/EndOfJourney,lastKnownLocationAltitude,72.0,,2026-02-13 16:11:00+00:00,2026-02-13 16:11:01+00:00,electric,bev,fixture
570,VIN012,Vehicle/Trigger/EndOfJourney,locationLatitude,49.179,,2026-02-13 16:11:00+00:00,2026-02-13 16:11:01+00:00,electric,bev,fixture
571,VIN012,Vehicle/Trigger/EndOfJourney,locationLongitude,2.469,,2026-02-13 16:11:00+00:00,2026-02-13 16:11:01+00:00,electric,bev,fixture
578,VIN012,Vehicle/Trigger/StartOfJourney,lastKnownLocationAltitude,70.0,,2026-02-13 19:00:00+00:00,2026-02-13 19:00:01+00:00,electric,bev,fixture
576,VIN012,Vehicle/Trigger/StartOfJourney,locationLatitude,49.172,,2026-02-13 19:00:00+00:00,2026-02-13 19:00:01+00:00,electric,bev,fixture
577,VIN012,Vehicle/Trigger/StartOfJourney,locationLongitude,2.456,,2026-02-13 19:00:00+00:00,2026-02-13 19:00:01+00:00,electric,bev,fixture
584,VIN012,UCD/Sent/Trigger/Trg_periodic_5_seconds,lastKnownLocationAltitude,,"[70.0, 70.4, 70.8, 71.2, 71.6, 72.0]",2026-02-13 19:12:00+00:00,2026-02-13 19:12:01+00:00,electric,bev,fixture
582,VIN012,UCD/Sent/Trigger/Trg_periodic_5_seconds,locationLatitude,,"[49.172, 49.1748, 49.1776, 49.1804, 49.1832, 49.186]",2026-02-13 19:12:00+00:00,2026-02-13 19:12:01+00:00,electric,bev,fixture
583,VIN012,UCD/Sent/Trigger/Trg_periodic_5_seconds,locationLongitude,,"[2.456, 2.4576, 2.4592, 2.4608, 2.4624, 2.464]",2026-02-13 19:12:00+00:00,2026-02-13 19:12:01+00:00,electric,bev,fixture
581,VIN012,Vehicle/Trigger/EndOfJourney,lastKnownLocationAltitude,72.0,,2026-02-13 19:12:00+00:00,2026-02-13 19:12:01+00:00,electric,bev,fixture
579,VIN012,Vehicle/Trigger/EndOfJourney,locationLatitude,49.186,,2026-02-13 19:12:00+00:00,2026-02-13 19:12:01+00:00,electric,bev,fixture
580,VIN012,Vehicle/Trigger/EndOfJourney,locationLongitude,2.464,,2026-02-13 19:12:00+00:00,2026-02-13 19:12:01+00:00,electric,bev,fixture
587,VIN013,Vehicle/Trigger/StartOfJourney,lastKnownLocationAltitude,70.0,,2026-02-13 07:00:00+00:00,2026-02-13 07:00:01+00:00,electric,bev,fixture
585,VIN013,Vehicle/Trigger/StartOfJourney,locationLatitude,49.19,,2026-02-13 07:00:00+00:00,2026-02-13 07:00:01+00:00,electric,bev,fixture
586,VIN013,Vehicle/Trigger/StartOfJourney,locationLongitude,2.46,,2026-02-13 07:00:00+00:00,2026-02-13 07:00:01+00:00,electric,bev,fixture
593,VIN013,UCD/Sent/Trigger/Trg_periodic_5_seconds,lastKnownLocationAltitude,,"[70.0, 70.5, 71.0, 71.5, 72.0]",2026-02-13 07:08:00+00:00,2026-02-13 07:08:01+00:00,electric,bev,fixture
591,VIN013,UCD/Sent/Trigger/Trg_periodic_5_seconds,locationLatitude,,"[49.19, 49.1925, 49.195, 49.1975, 49.2]",2026-02-13 07:08:00+00:00,2026-02-13 07:08:01+00:00,electric,bev,fixture
592,VIN013,UCD/Sent/Trigger/Trg_periodic_5_seconds,locationLongitude,,"[2.46, 2.462, 2.464, 2.466, 2.468]",2026-02-13 07:08:00+00:00,2026-02-13 07:08:01+00:00,electric,bev,fixture
590,VIN013,Vehicle/Trigger/EndOfJourney,lastKnownLocationAltitude,72.0,,2026-02-13 07:08:00+00:00,2026-02-13 07:08:01+00:00,electric,bev,fixture
588,VIN013,Vehicle/Trigger/EndOfJourney,locationLatitude,49.2,,2026-02-13 07:08:00+00:00,2026-02-13 07:08:01+00:00,electric,bev,fixture
589,VIN013,Vehicle/Trigger/EndOfJourney,locationLongitude,2.468,,2026-02-13 07:08:00+00:00,2026-02-13 07:08:01+00:00,electric,bev,fixture
596,VIN013,Vehicle/Trigger/StartOfJourney,lastKnownLocationAltitude,70.0,,2026-02-13 10:00:00+00:00,2026-02-13 10:00:01+00:00,electric,bev,fixture
594,VIN013,Vehicle/Trigger/StartOfJourney,locationLatitude,49.193,,2026-02-13 10:00:00+00:00,2026-02-13 10:00:01+00:00,electric,bev,fixture
595,VIN013,Vehicle/Trigger/StartOfJourney,locationLongitude,2.464,,2026-02-13 10:00:00+00:00,2026-02-13 10:00:01+00:00,electric,bev,fixture
602,VIN013,UCD/Sent/Trigger/Trg_periodic_5_seconds,lastKnownLocationAltitude,,"[70.0, 70.4, 70.8, 71.2, 71.6, 72.0]",2026-02-13 10:09:00+00:00,2026-02-13 10:09:01+00:00,electric,bev,fixture
600,VIN013,UCD/Sent/Trigger/Trg_periodic_5_seconds,locationLatitude,,"[49.193, 49.1958, 49.1986, 49.2014, 49.2042, 49.207]",2026-02-13 10:09:00+00:00,2026-02-13 10:09:01+00:00,electric,bev,fixture
601,VIN013,UCD/Sent/Trigger/Trg_periodic_5_seconds,locationLongitude,,"[2.464, 2.4662, 2.4684, 2.4706, 2.4728, 2.475]",2026-02-13 10:09:00+00:00,2026-02-13 10:09:01+00:00,electric,bev,fixture
599,VIN013,Vehicle/Trigger/EndOfJourney,lastKnownLocationAltitude,72.0,,2026-02-13 10:09:00+00:00,2026-02-13 10:09:01+00:00,electric,bev,fixture
597,VIN013,Vehicle/Trigger/EndOfJourney,locationLatitude,49.207,,2026-02-13 10:09:00+00:00,2026-02-13 10:09:01+00:00,electric,bev,fixture
598,VIN013,Vehicle/Trigger/EndOfJourney,locationLongitude,2.475,,2026-02-13 10:09:00+00:00,2026-02-13 10:09:01+00:00,electric,bev,fixture
605,VIN013,Vehicle/Trigger/StartOfJourney,lastKnownLocationAltitude,70.0,,2026-02-13 13:00:00+00:00,2026-02-13 13:00:01+00:00,electric,bev,fixture
603,VIN013,Vehicle/Trigger/StartOfJourney,locationLatitude,49.196,,2026-02-13 13:00:00+00:00,2026-02-13 13:00:01+00:00,electric,bev,fixture
604,VIN013,Vehicle/Trigger/StartOfJourney,locationLongitude,2.468,,2026-02-13 13:00:00+00:00,2026-02-13 13:00:01+00:00,electric,bev,fixture
611,VIN013,UCD/Sent/Trigger/Trg_periodic_5_seconds,lastKnownLocationAltitude,,"[70.0, 70.3, 70.7, 71.0, 71.3, 71.7, 72.0]",2026-02-13 13:10:00+00:00,2026-02-13 13:10:01+00:00,electric,bev,fixture
609,VIN013,UCD/Sent/Trigger/Trg_periodic_5_seconds,locationLatitude,,"[49.196, 49.199, 49.202, 49.205, 49.208, 49.211, 49.214]",2026-02-13 13:10:00+00:00,2026-02-13 13:10:01+00:00,electric,bev,fixture
610,VIN013,UCD/Sent/Trigger/Trg_periodic_5_seconds,locationLongitude,,"[2.468, 2.4703333, 2.4726667, 2.475, 2.4773333, 2.4796667, 2.482]",2026-02-13 13:10:00+00:00,2026-02-13 13:10:01+00:00,electric,bev,fixture
608,VIN013,Vehicle/Trigger/EndOfJourney,lastKnownLocationAltitude,72.0,,2026-02-13 13:10:00+00:00,2026-02-13 13:10:01+00:00,electric,bev,fixture
606,VIN013,Vehicle/Trigger/EndOfJourney,locationLatitude,49.214,,2026-02-13 13:10:00+00:00,2026-02-13 13:10:01+00:00,electric,bev,fixture
607,VIN013,Vehicle/Trigger/EndOfJourney,locationLongitude,2.482,,2026-02-13 13:10:00+00:00,2026-02-13 13:10:01+00:00,electric,bev,fixture
614,VIN013,Vehicle/Trigger/StartOfJourney,lastKnownLocationAltitude,70.0,,2026-02-13 16:00:00+00:00,2026-02-13 16:00:01+00:00,electric,bev,fixture
612,VIN013,Vehicle/Trigger/StartOfJourney,locationLatitude,49.199,,2026-02-13 16:00:00+00:00,2026-02-13 16:00:01+00:00,electric,bev,fixture
613,VIN013,Vehicle/Trigger/StartOfJourney,locationLongitude,2.472,,2026-02-13 16:00:00+00:00,2026-02-13 16:00:01+00:00,electric,bev,fixture
620,VIN013,UCD/Sent/Trigger/Trg_periodic_5_seconds,lastKnownLocationAltitude,,"[70.0, 70.5, 71.0, 71.5, 72.0]",2026-02-13 16:11:00+00:00,2026-02-13 16:11:01+00:00,electric,bev,fixture
618,VIN013,UCD/Sent/Trigger/Trg_periodic_5_seconds,locationLatitude,,"[49.199, 49.2015, 49.204, 49.2065, 49.209]",2026-02-13 16:11:00+00:00,2026-02-13 16:11:01+00:00,electric,bev,fixture
619,VIN013,UCD/Sent/Trigger/Trg_periodic_5_seconds,locationLongitude,,"[2.472, 2.47625, 2.4805, 2.48475, 2.489]",2026-02-13 16:11:00+00:00,2026-02-13 16:11:01+00:00,electric,bev,fixture
617,VIN013,Vehicle/Trigger/EndOfJourney,lastKnownLocationAltitude,72.0,,2026-02-13 16:11:00+00:00,2026-02-13 16:11:01+00:00,electric,bev,fixture
615,VIN013,Vehicle/Trigger/EndOfJourney,locationLatitude,49.209,,2026-02-13 16:11:00+00:00,2026-02-13 16:11:01+00:00,electric,bev,fixture
616,VIN013,Vehicle/Trigger/EndOfJourney,locationLongitude,2.489,,2026-02-13 16:11:00+00:00,2026-02-13 16:11:01+00:00,electric,bev,fixture
623,VIN013,Vehicle/Trigger/StartOfJourney,lastKnownLocationAltitude,70.0,,2026-02-13 19:00:00+00:00,2026-02-13 19:00:01+00:00,electric,bev,fixture
621,VIN013,Vehicle/Trigger/StartOfJourney,locationLatitude,49.202,,2026-02-13 19:00:00+00:00,2026-02-13 19:00:01+00:00,electric,bev,fixture
622,VIN013,Vehicle/Trigger/StartOfJourney,locationLongitude,2.476,,2026-02-13 19:00:00+00:00,2026-02-13 19:00:01+00:00,electric,bev,fixture
629,VIN013,UCD/Sent/Trigger/Trg_periodic_5_seconds,lastKnownLocationAltitude,,"[70.0, 70.4, 70.8, 71.2, 71.6, 72.0]",2026-02-13 19:12:00+00:00,2026-02-13 19:12:01+00:00,electric,bev,fixture
627,VIN013,UCD/Sent/Trigger/Trg_periodic_5_seconds,locationLatitude,,"[49.202, 49.2048, 49.2076, 49.2104, 49.2132, 49.216]",2026-02-13 19:12:00+00:00,2026-02-13 19:12:01+00:00,electric,bev,fixture
628,VIN013,UCD/Sent/Trigger/Trg_periodic_5_seconds,locationLongitude,,"[2.476, 2.4776, 2.4792, 2.4808, 2.4824, 2.484]",2026-02-13 19:12:00+00:00,2026-02-13 19:12:01+00:00,electric,bev,fixture
626,VIN013,Vehicle/Trigger/EndOfJourney,lastKnownLocationAltitude,72.0,,2026-02-13 19:12:00+00:00,2026-02-13 19:12:01+00:00,electric,bev,fixture
624,VIN013,Vehicle/Trigger/EndOfJourney,locationLatitude,49.216,,2026-02-13 19:12:00+00:00,2026-02-13 19:12:01+00:00,electric,bev,fixture
625,VIN013,Vehicle/Trigger/EndOfJourney,locationLongitude,2.484,,2026-02-13 19:12:00+00:00,2026-02-13 19:12:01+00:00,electric,bev,fixture
